ruta,algoritmo,trafico,politica,holgura,buses,trabajos,asignados,no_asignados,Lmax_h,Lmin_h,desbalance_h,carga_media_h,conduccion_total_h,sobrecosto_trafico_pct,utilizacion_media_pct,buses_sin_vueltas,rho_saturacion,cota_inferior_h,gap_vs_cota_pct,tiempo_ejecucion_ms,violaciones
RTI-01,LS,T0,earliest,0.0000,35,103,103,0,7.4400,4.9600,2.4800,7.2983,255.4400,-0.0000,52.1306,0,0.5213,7.2983,1.9417,9.7391,0
RTI-01,LPT,T0,earliest,0.0000,35,103,103,0,7.4400,4.9600,2.4800,7.2983,255.4400,-0.0000,52.1306,0,0.5213,7.2983,1.9417,9.6786,0
RTI-01,LS,T0,min_duration,0.0000,35,103,103,0,7.4400,4.9600,2.4800,7.2983,255.4400,-0.0000,52.1306,0,0.5213,7.2983,1.9417,28.7282,0
RTI-01,LPT,T0,min_duration,0.0000,35,103,103,0,7.4400,4.9600,2.4800,7.2983,255.4400,-0.0000,52.1306,0,0.5213,7.2983,1.9417,28.1702,0
RTI-02,LS,T0,earliest,0.0000,27,127,112,15,13.0000,10.4000,2.6000,10.7852,291.2000,0.0000,77.0370,0,0.8735,12.2296,6.2992,7.5768,0
RTI-02,LPT,T0,earliest,0.0000,27,127,112,15,13.0000,10.4000,2.6000,10.7852,291.2000,0.0000,77.0370,0,0.8735,12.2296,6.2992,7.3763,0
RTI-02,LS,T0,min_duration,0.0000,27,127,112,15,13.0000,10.4000,2.6000,10.7852,291.2000,0.0000,77.0370,0,0.8735,12.2296,6.2992,17.1404,0
RTI-02,LPT,T0,min_duration,0.0000,27,127,112,15,13.0000,10.4000,2.6000,10.7852,291.2000,0.0000,77.0370,0,0.8735,12.2296,6.2992,18.8866,0
RTI-04,LS,T0,earliest,0.0000,42,144,143,1,9.0000,6.7500,2.2500,7.6607,321.7500,0.0000,54.7194,0,0.5510,7.7143,16.6667,21.3723,0
RTI-04,LPT,T0,earliest,0.0000,42,144,143,1,9.0000,6.7500,2.2500,7.6607,321.7500,0.0000,54.7194,0,0.5510,7.7143,16.6667,21.5265,0
RTI-04,LS,T0,min_duration,0.0000,42,144,143,1,9.0000,6.7500,2.2500,7.6607,321.7500,0.0000,54.7194,0,0.5510,7.7143,16.6667,59.8672,0
RTI-04,LPT,T0,min_duration,0.0000,42,144,143,1,9.0000,6.7500,2.2500,7.6607,321.7500,0.0000,54.7194,0,0.5510,7.7143,16.6667,50.7914,0
RTI-05,LS,T0,earliest,0.0000,44,150,150,0,7.9200,5.9400,1.9800,6.7500,297.0000,-0.0000,48.2143,0,0.4821,6.7500,17.3333,20.7829,0
RTI-05,LPT,T0,earliest,0.0000,44,150,150,0,7.9200,5.9400,1.9800,6.7500,297.0000,-0.0000,48.2143,0,0.4821,6.7500,17.3333,20.1513,0
RTI-05,LS,T0,min_duration,0.0000,44,150,150,0,7.9200,5.9400,1.9800,6.7500,297.0000,-0.0000,48.2143,0,0.4821,6.7500,17.3333,67.8164,0
RTI-05,LPT,T0,min_duration,0.0000,44,150,150,0,7.9200,5.9400,1.9800,6.7500,297.0000,-0.0000,48.2143,0,0.4821,6.7500,17.3333,66.1705,0
RTI-06,LS,T0,earliest,0.0000,32,144,144,0,8.6500,6.9200,1.7300,7.7850,249.1200,-0.0000,55.6071,0,0.5561,7.7850,11.1111,15.0790,0
RTI-06,LPT,T0,earliest,0.0000,32,144,144,0,8.6500,6.9200,1.7300,7.7850,249.1200,-0.0000,55.6071,0,0.5561,7.7850,11.1111,15.1267,0
RTI-06,LS,T0,min_duration,0.0000,32,144,144,0,8.6500,6.9200,1.7300,7.7850,249.1200,-0.0000,55.6071,0,0.5561,7.7850,11.1111,65.9484,0
RTI-06,LPT,T0,min_duration,0.0000,32,144,144,0,8.6500,6.9200,1.7300,7.7850,249.1200,-0.0000,55.6071,0,0.5561,7.7850,11.1111,57.1308,0
RTI-07,LS,T0,earliest,0.0000,39,144,140,4,9.6400,7.2300,2.4100,8.6513,337.4000,0.0000,61.7949,0,0.6356,8.8985,8.3333,19.1585,0
RTI-07,LPT,T0,earliest,0.0000,39,144,140,4,9.6400,7.2300,2.4100,8.6513,337.4000,0.0000,61.7949,0,0.6356,8.8985,8.3333,19.1429,0
RTI-07,LS,T0,min_duration,0.0000,39,144,140,4,9.6400,7.2300,2.4100,8.6513,337.4000,0.0000,61.7949,0,0.6356,8.8985,8.3333,48.6375,0
RTI-07,LPT,T0,min_duration,0.0000,39,144,140,4,9.6400,7.2300,2.4100,8.6513,337.4000,0.0000,61.7949,0,0.6356,8.8985,8.3333,48.3806,0
RTI-08,LS,T0,earliest,0.0000,20,108,108,0,9.4200,7.8500,1.5700,8.4780,169.5600,0.0000,60.5571,0,0.6056,8.4780,11.1111,10.2830,0
RTI-08,LPT,T0,earliest,0.0000,20,108,108,0,9.4200,7.8500,1.5700,8.4780,169.5600,0.0000,60.5571,0,0.6056,8.4780,11.1111,10.6738,0
RTI-08,LS,T0,min_duration,0.0000,20,108,108,0,9.4200,7.8500,1.5700,8.4780,169.5600,0.0000,60.5571,0,0.6056,8.4780,11.1111,27.7443,0
RTI-08,LPT,T0,min_duration,0.0000,20,108,108,0,9.4200,7.8500,1.5700,8.4780,169.5600,0.0000,60.5571,0,0.6056,8.4780,11.1111,26.9861,0
RTI-09,LS,T0,earliest,0.0000,43,135,135,0,9.6800,7.2600,2.4200,7.5977,326.7000,0.0000,54.2691,0,0.5427,7.5977,27.4074,21.9459,0
RTI-09,LPT,T0,earliest,0.0000,43,135,135,0,9.6800,7.2600,2.4200,7.5977,326.7000,0.0000,54.2691,0,0.5427,7.5977,27.4074,20.2215,0
RTI-09,LS,T0,min_duration,0.0000,43,135,135,0,9.6800,7.2600,2.4200,7.5977,326.7000,0.0000,54.2691,0,0.5427,7.5977,27.4074,64.0771,0
RTI-09,LPT,T0,min_duration,0.0000,43,135,135,0,9.6800,7.2600,2.4200,7.5977,326.7000,0.0000,54.2691,0,0.5427,7.5977,27.4074,66.2969,0
RTI-10,LS,T0,earliest,0.0000,37,166,165,1,9.6500,7.7200,1.9300,8.6068,318.4500,-0.0000,61.4768,0,0.6185,8.6589,11.4458,28.0236,0
RTI-10,LPT,T0,earliest,0.0000,37,166,165,1,9.6500,7.7200,1.9300,8.6068,318.4500,-0.0000,61.4768,0,0.6185,8.6589,11.4458,28.1302,0
RTI-10,LS,T0,min_duration,0.0000,37,166,165,1,9.6500,7.7200,1.9300,8.6068,318.4500,-0.0000,61.4768,0,0.6185,8.6589,11.4458,66.1496,0
RTI-10,LPT,T0,min_duration,0.0000,37,166,165,1,9.6500,7.7200,1.9300,8.6068,318.4500,-0.0000,61.4768,0,0.6185,8.6589,11.4458,63.3698,0
RTU-01,LS,T0,earliest,0.0000,32,144,132,12,12.3000,9.8400,2.4600,10.1475,324.7200,-0.0000,72.4821,0,0.7907,11.0700,11.1111,14.3417,0
RTU-01,LPT,T0,earliest,0.0000,32,144,132,12,12.3000,9.8400,2.4600,10.1475,324.7200,-0.0000,72.4821,0,0.7907,11.0700,11.1111,20.6312,0
RTU-01,LS,T0,min_duration,0.0000,32,144,132,12,12.3000,9.8400,2.4600,10.1475,324.7200,-0.0000,72.4821,0,0.7907,11.0700,11.1111,31.2880,0
RTU-01,LPT,T0,min_duration,0.0000,32,144,132,12,12.3000,9.8400,2.4600,10.1475,324.7200,-0.0000,72.4821,0,0.7907,11.0700,11.1111,29.5441,0
RTU-02,LS,T0,earliest,0.0000,29,117,115,2,8.7600,6.5700,2.1900,8.6845,251.8500,0.0000,62.0320,0,0.6311,8.8355,-0.8547,13.0791,0
RTU-02,LPT,T0,earliest,0.0000,29,117,115,2,8.7600,6.5700,2.1900,8.6845,251.8500,0.0000,62.0320,0,0.6311,8.8355,-0.8547,12.2533,0
RTU-02,LS,T0,min_duration,0.0000,29,117,115,2,8.7600,6.5700,2.1900,8.6845,251.8500,0.0000,62.0320,0,0.6311,8.8355,-0.8547,33.8905,0
RTU-02,LPT,T0,min_duration,0.0000,29,117,115,2,8.7600,6.5700,2.1900,8.6845,251.8500,0.0000,62.0320,0,0.6311,8.8355,-0.8547,32.3395,0
RTU-04,LS,T0,earliest,0.0000,28,144,139,5,10.2500,8.2000,2.0500,10.1768,284.9500,0.0000,72.6913,0,0.7531,10.5429,-2.7778,15.9352,0
RTU-04,LPT,T0,earliest,0.0000,28,144,139,5,10.2500,8.2000,2.0500,10.1768,284.9500,0.0000,72.6913,0,0.7531,10.5429,-2.7778,15.4292,0
RTU-04,LS,T0,min_duration,0.0000,28,144,139,5,10.2500,8.2000,2.0500,10.1768,284.9500,0.0000,72.6913,0,0.7531,10.5429,-2.7778,37.6565,0
RTU-04,LPT,T0,min_duration,0.0000,28,144,139,5,10.2500,8.2000,2.0500,10.1768,284.9500,0.0000,72.6913,0,0.7531,10.5429,-2.7778,27.4078,0
RTU-05,LS,T0,earliest,0.0000,24,144,137,7,11.4600,9.5500,1.9100,10.9029,261.6700,0.0000,77.8780,0,0.8186,11.4600,0.0000,13.6578,0
RTU-05,LPT,T0,earliest,0.0000,24,144,137,7,11.4600,9.5500,1.9100,10.9029,261.6700,0.0000,77.8780,0,0.8186,11.4600,0.0000,15.2813,0
RTU-05,LS,T0,min_duration,0.0000,24,144,137,7,11.4600,9.5500,1.9100,10.9029,261.6700,0.0000,77.8780,0,0.8186,11.4600,0.0000,26.5768,0
RTU-05,LPT,T0,min_duration,0.0000,24,144,137,7,11.4600,9.5500,1.9100,10.9029,261.6700,0.0000,77.8780,0,0.8186,11.4600,0.0000,27.1598,0
RTU-07,LS,T0,earliest,0.0000,28,127,127,0,7.1000,5.6800,1.4200,6.4407,180.3400,0.0000,46.0051,0,0.4601,6.4407,10.2362,23.6060,0
RTU-07,LPT,T0,earliest,0.0000,28,127,127,0,7.1000,5.6800,1.4200,6.4407,180.3400,0.0000,46.0051,0,0.4601,6.4407,10.2362,19.5834,0
RTU-07,LS,T0,min_duration,0.0000,28,127,127,0,7.1000,5.6800,1.4200,6.4407,180.3400,0.0000,46.0051,0,0.4601,6.4407,10.2362,56.3353,0
RTU-07,LPT,T0,min_duration,0.0000,28,127,127,0,7.1000,5.6800,1.4200,6.4407,180.3400,0.0000,46.0051,0,0.4601,6.4407,10.2362,73.1954,0
RTU-08,LS,T0,earliest,0.0000,26,114,114,0,8.8000,7.0400,1.7600,7.7169,200.6400,-0.0000,55.1209,0,0.5512,7.7169,14.0351,16.0995,0
RTU-08,LPT,T0,earliest,0.0000,26,114,114,0,8.8000,7.0400,1.7600,7.7169,200.6400,-0.0000,55.1209,0,0.5512,7.7169,14.0351,16.0007,0
RTU-08,LS,T0,min_duration,0.0000,26,114,114,0,8.8000,7.0400,1.7600,7.7169,200.6400,-0.0000,55.1209,0,0.5512,7.7169,14.0351,47.2775,0
RTU-08,LPT,T0,min_duration,0.0000,26,114,114,0,8.8000,7.0400,1.7600,7.7169,200.6400,-0.0000,55.1209,0,0.5512,7.7169,14.0351,42.1800,0
RTU-09,LS,T0,earliest,0.0000,21,120,120,0,9.6000,8.0000,1.6000,9.1429,192.0000,0.0000,65.3061,0,0.6531,9.1429,5.0000,11.5655,0
RTU-09,LPT,T0,earliest,0.0000,21,120,120,0,9.6000,8.0000,1.6000,9.1429,192.0000,0.0000,65.3061,0,0.6531,9.1429,5.0000,11.3816,0
RTU-09,LS,T0,min_duration,0.0000,21,120,120,0,9.6000,8.0000,1.6000,9.1429,192.0000,0.0000,65.3061,0,0.6531,9.1429,5.0000,28.6301,0
RTU-09,LPT,T0,min_duration,0.0000,21,120,120,0,9.6000,8.0000,1.6000,9.1429,192.0000,0.0000,65.3061,0,0.6531,9.1429,5.0000,25.1856,0
RTU-10,LS,T0,earliest,0.0000,16,103,103,0,9.2400,7.9200,1.3200,8.4975,135.9600,0.0000,60.6964,0,0.6070,8.4975,8.7379,7.2294,0
RTU-10,LPT,T0,earliest,0.0000,16,103,103,0,9.2400,7.9200,1.3200,8.4975,135.9600,0.0000,60.6964,0,0.6070,8.4975,8.7379,7.2902,0
RTU-10,LS,T0,min_duration,0.0000,16,103,103,0,9.2400,7.9200,1.3200,8.4975,135.9600,0.0000,60.6964,0,0.6070,8.4975,8.7379,21.1302,0
RTU-10,LPT,T0,min_duration,0.0000,16,103,103,0,9.2400,7.9200,1.3200,8.4975,135.9600,0.0000,60.6964,0,0.6070,8.4975,8.7379,21.2794,0
RTU-11A,LS,T0,earliest,0.0000,21,103,103,0,6.0500,4.8400,1.2100,5.9348,124.6300,-0.0000,42.3912,0,0.4239,5.9348,1.9417,9.0588,0
RTU-11A,LPT,T0,earliest,0.0000,21,103,103,0,6.0500,4.8400,1.2100,5.9348,124.6300,-0.0000,42.3912,0,0.4239,5.9348,1.9417,9.0435,0
RTU-11A,LS,T0,min_duration,0.0000,21,103,103,0,6.0500,4.8400,1.2100,5.9348,124.6300,-0.0000,42.3912,0,0.4239,5.9348,1.9417,31.3009,0
RTU-11A,LPT,T0,min_duration,0.0000,21,103,103,0,6.0500,4.8400,1.2100,5.9348,124.6300,-0.0000,42.3912,0,0.4239,5.9348,1.9417,43.2244,0
RTU-11B,LS,T0,earliest,0.0000,22,103,103,0,6.0500,4.8400,1.2100,5.6650,124.6300,-0.0000,40.4643,0,0.4046,5.6650,6.7961,12.4946,0
RTU-11B,LPT,T0,earliest,0.0000,22,103,103,0,6.0500,4.8400,1.2100,5.6650,124.6300,-0.0000,40.4643,0,0.4046,5.6650,6.7961,11.8619,0
RTU-11B,LS,T0,min_duration,0.0000,22,103,103,0,6.0500,4.8400,1.2100,5.6650,124.6300,-0.0000,40.4643,0,0.4046,5.6650,6.7961,45.6859,0
RTU-11B,LPT,T0,min_duration,0.0000,22,103,103,0,6.0500,4.8400,1.2100,5.6650,124.6300,-0.0000,40.4643,0,0.4046,5.6650,6.7961,43.4279,0
RTU-12,LS,T0,earliest,0.0000,39,150,148,2,7.6000,5.7000,1.9000,7.2103,281.2000,0.0000,51.5018,0,0.5220,7.3077,4.0000,24.9897,0
RTU-12,LPT,T0,earliest,0.0000,39,150,148,2,7.6000,5.7000,1.9000,7.2103,281.2000,0.0000,51.5018,0,0.5220,7.3077,4.0000,25.3587,0
RTU-12,LS,T0,min_duration,0.0000,39,150,148,2,7.6000,5.7000,1.9000,7.2103,281.2000,0.0000,51.5018,0,0.5220,7.3077,4.0000,65.5478,0
RTU-12,LPT,T0,min_duration,0.0000,39,150,148,2,7.6000,5.7000,1.9000,7.2103,281.2000,0.0000,51.5018,0,0.5220,7.3077,4.0000,57.3191,0
RTU-13,LS,T0,earliest,0.0000,37,144,141,3,9.3200,6.9900,2.3300,8.8792,328.5300,-0.0000,63.4228,0,0.6477,9.0681,2.7778,14.2447,0
RTU-13,LPT,T0,earliest,0.0000,37,144,141,3,9.3200,6.9900,2.3300,8.8792,328.5300,-0.0000,63.4228,0,0.6477,9.0681,2.7778,14.5235,0
RTU-13,LS,T0,min_duration,0.0000,37,144,141,3,9.3200,6.9900,2.3300,8.8792,328.5300,-0.0000,63.4228,0,0.6477,9.0681,2.7778,35.7302,0
RTU-13,LPT,T0,min_duration,0.0000,37,144,141,3,9.3200,6.9900,2.3300,8.8792,328.5300,-0.0000,63.4228,0,0.6477,9.0681,2.7778,36.1554,0
RTU-14,LS,T0,earliest,0.0000,37,108,108,0,6.0300,4.0200,2.0100,5.8670,217.0800,0.0000,41.9073,0,0.4191,5.8670,2.7778,11.8131,0
RTU-14,LPT,T0,earliest,0.0000,37,108,108,0,6.0300,4.0200,2.0100,5.8670,217.0800,0.0000,41.9073,0,0.4191,5.8670,2.7778,12.2200,0
RTU-14,LS,T0,min_duration,0.0000,37,108,108,0,6.0300,4.0200,2.0100,5.8670,217.0800,0.0000,41.9073,0,0.4191,5.8670,2.7778,42.9323,0
RTU-14,LPT,T0,min_duration,0.0000,37,108,108,0,6.0300,4.0200,2.0100,5.8670,217.0800,0.0000,41.9073,0,0.4191,5.8670,2.7778,44.4182,0
RTU-15,LS,T0,earliest,0.0000,30,127,126,1,9.6500,7.7200,1.9300,8.1060,243.1800,-0.0000,57.9000,0,0.5836,8.1703,18.1102,16.3256,0
RTU-15,LPT,T0,earliest,0.0000,30,127,126,1,9.6500,7.7200,1.9300,8.1060,243.1800,-0.0000,57.9000,0,0.5836,8.1703,18.1102,15.7088,0
RTU-15,LS,T0,min_duration,0.0000,30,127,126,1,9.6500,7.7200,1.9300,8.1060,243.1800,-0.0000,57.9000,0,0.5836,8.1703,18.1102,54.1492,0
RTU-15,LPT,T0,min_duration,0.0000,30,127,126,1,9.6500,7.7200,1.9300,8.1060,243.1800,-0.0000,57.9000,0,0.5836,8.1703,18.1102,59.4695,0
RTU-16,LS,T0,earliest,0.0000,40,150,148,2,7.9200,5.9400,1.9800,7.3260,293.0400,-0.0000,52.3286,0,0.5304,7.4250,6.6667,30.0667,0
RTU-16,LPT,T0,earliest,0.0000,40,150,148,2,7.9200,5.9400,1.9800,7.3260,293.0400,-0.0000,52.3286,0,0.5304,7.4250,6.6667,29.3517,0
RTU-16,LS,T0,min_duration,0.0000,40,150,148,2,7.9200,5.9400,1.9800,7.3260,293.0400,-0.0000,52.3286,0,0.5304,7.4250,6.6667,88.4966,0
RTU-16,LPT,T0,min_duration,0.0000,40,150,148,2,7.9200,5.9400,1.9800,7.3260,293.0400,-0.0000,52.3286,0,0.5304,7.4250,6.6667,71.2579,0
RTU-17,LS,T0,earliest,0.0000,28,127,127,0,8.8000,7.0400,1.7600,7.9829,223.5200,0.0000,57.0204,0,0.5702,7.9829,10.2362,16.1151,0
RTU-17,LPT,T0,earliest,0.0000,28,127,127,0,8.8000,7.0400,1.7600,7.9829,223.5200,0.0000,57.0204,0,0.5702,7.9829,10.2362,15.1786,0
RTU-17,LS,T0,min_duration,0.0000,28,127,127,0,8.8000,7.0400,1.7600,7.9829,223.5200,0.0000,57.0204,0,0.5702,7.9829,10.2362,43.6472,0
RTU-17,LPT,T0,min_duration,0.0000,28,127,127,0,8.8000,7.0400,1.7600,7.9829,223.5200,0.0000,57.0204,0,0.5702,7.9829,10.2362,48.0914,0
RTU-18,LS,T0,earliest,0.0000,35,166,166,0,8.5000,6.8000,1.7000,8.0629,282.2000,0.0000,57.5918,0,0.5759,8.0629,5.4217,28.5324,0
RTU-18,LPT,T0,earliest,0.0000,35,166,166,0,8.5000,6.8000,1.7000,8.0629,282.2000,0.0000,57.5918,0,0.5759,8.0629,5.4217,24.8739,0
RTU-18,LS,T0,min_duration,0.0000,35,166,166,0,8.5000,6.8000,1.7000,8.0629,282.2000,0.0000,57.5918,0,0.5759,8.0629,5.4217,75.3395,0
RTU-18,LPT,T0,min_duration,0.0000,35,166,166,0,8.5000,6.8000,1.7000,8.0629,282.2000,0.0000,57.5918,0,0.5759,8.0629,5.4217,75.0006,0
RTU-19,LS,T0,earliest,0.0000,34,144,138,6,11.5500,9.2400,2.3100,9.3759,318.7800,0.0000,66.9706,0,0.6988,9.7835,18.0556,18.3003,0
RTU-19,LPT,T0,earliest,0.0000,34,144,138,6,11.5500,9.2400,2.3100,9.3759,318.7800,0.0000,66.9706,0,0.6988,9.7835,18.0556,19.6381,0
RTU-19,LS,T0,min_duration,0.0000,34,144,138,6,11.5500,9.2400,2.3100,9.3759,318.7800,0.0000,66.9706,0,0.6988,9.7835,18.0556,44.7055,0
RTU-19,LPT,T0,min_duration,0.0000,34,144,138,6,11.5500,9.2400,2.3100,9.3759,318.7800,0.0000,66.9706,0,0.6988,9.7835,18.0556,45.1071,0
RTU-20,LS,T0,earliest,0.0000,31,154,154,0,7.7000,6.1600,1.5400,7.6503,237.1600,0.0000,54.6452,0,0.5465,7.6503,0.6494,24.2521,0
RTU-20,LPT,T0,earliest,0.0000,31,154,154,0,7.7000,6.1600,1.5400,7.6503,237.1600,0.0000,54.6452,0,0.5465,7.6503,0.6494,23.2183,0
RTU-20,LS,T0,min_duration,0.0000,31,154,154,0,7.7000,6.1600,1.5400,7.6503,237.1600,0.0000,54.6452,0,0.5465,7.6503,0.6494,77.4920,0
RTU-20,LPT,T0,min_duration,0.0000,31,154,154,0,7.7000,6.1600,1.5400,7.6503,237.1600,0.0000,54.6452,0,0.5465,7.6503,0.6494,69.3801,0
RTU-21,LS,T0,earliest,0.0000,26,166,166,0,9.0300,7.7400,1.2900,8.2362,214.1400,0.0000,58.8297,0,0.5883,8.2362,9.6386,23.6643,0
RTU-21,LPT,T0,earliest,0.0000,26,166,166,0,9.0300,7.7400,1.2900,8.2362,214.1400,0.0000,58.8297,0,0.5883,8.2362,9.6386,25.4073,0
RTU-21,LS,T0,min_duration,0.0000,26,166,166,0,9.0300,7.7400,1.2900,8.2362,214.1400,0.0000,58.8297,0,0.5883,8.2362,9.6386,67.7570,0
RTU-21,LPT,T0,min_duration,0.0000,26,166,166,0,9.0300,7.7400,1.2900,8.2362,214.1400,0.0000,58.8297,0,0.5883,8.2362,9.6386,79.3669,0
RTU-22,LS,T0,earliest,0.0000,19,127,106,21,12.7800,10.6500,2.1300,11.8832,225.7800,-0.0000,84.8797,0,1.0170,14.2374,-10.2362,6.4778,0
RTU-22,LPT,T0,earliest,0.0000,19,127,106,21,12.7800,10.6500,2.1300,11.8832,225.7800,-0.0000,84.8797,0,1.0170,14.2374,-10.2362,6.2715,0
RTU-22,LS,T0,min_duration,0.0000,19,127,106,21,12.7800,10.6500,2.1300,11.8832,225.7800,-0.0000,84.8797,0,1.0170,14.2374,-10.2362,11.4283,0
RTU-22,LPT,T0,min_duration,0.0000,19,127,106,21,12.7800,10.6500,2.1300,11.8832,225.7800,-0.0000,84.8797,0,1.0170,14.2374,-10.2362,13.0070,0
RTU-23,LS,T0,earliest,0.0000,37,166,165,1,9.3500,7.4800,1.8700,8.3392,308.5500,0.0000,59.5656,0,0.5993,8.3897,11.4458,21.2170,0
RTU-23,LPT,T0,earliest,0.0000,37,166,165,1,9.3500,7.4800,1.8700,8.3392,308.5500,0.0000,59.5656,0,0.5993,8.3897,11.4458,19.6063,0
RTU-23,LS,T0,min_duration,0.0000,37,166,165,1,9.3500,7.4800,1.8700,8.3392,308.5500,0.0000,59.5656,0,0.5993,8.3897,11.4458,53.7217,0
RTU-23,LPT,T0,min_duration,0.0000,37,166,165,1,9.3500,7.4800,1.8700,8.3392,308.5500,0.0000,59.5656,0,0.5993,8.3897,11.4458,75.6727,0
RTU-24,LS,T0,earliest,0.0000,35,117,115,2,9.8000,7.3500,2.4500,8.0500,281.7500,0.0000,57.5000,0,0.5850,8.1900,19.6581,14.0454,0
RTU-24,LPT,T0,earliest,0.0000,35,117,115,2,9.8000,7.3500,2.4500,8.0500,281.7500,0.0000,57.5000,0,0.5850,8.1900,19.6581,13.9716,0
RTU-24,LS,T0,min_duration,0.0000,35,117,115,2,9.8000,7.3500,2.4500,8.0500,281.7500,0.0000,57.5000,0,0.5850,8.1900,19.6581,38.7412,0
RTU-24,LPT,T0,min_duration,0.0000,35,117,115,2,9.8000,7.3500,2.4500,8.0500,281.7500,0.0000,57.5000,0,0.5850,8.1900,19.6581,38.3061,0
RTU-25,LS,T0,earliest,0.0000,27,127,127,0,8.3000,6.6400,1.6600,7.8081,210.8200,0.0000,55.7725,0,0.5577,7.8081,6.2992,15.6305,0
RTU-25,LPT,T0,earliest,0.0000,27,127,127,0,8.3000,6.6400,1.6600,7.8081,210.8200,0.0000,55.7725,0,0.5577,7.8081,6.2992,16.0833,0
RTU-25,LS,T0,min_duration,0.0000,27,127,127,0,8.3000,6.6400,1.6600,7.8081,210.8200,0.0000,55.7725,0,0.5577,7.8081,6.2992,58.3927,0
RTU-25,LPT,T0,min_duration,0.0000,27,127,127,0,8.3000,6.6400,1.6600,7.8081,210.8200,0.0000,55.7725,0,0.5577,7.8081,6.2992,60.8431,0
RTU-26,LS,T0,earliest,0.0000,33,154,152,2,9.8500,7.8800,1.9700,9.0739,299.4400,0.0000,64.8139,0,0.6567,9.1933,7.1429,29.7723,0
RTU-26,LPT,T0,earliest,0.0000,33,154,152,2,9.8500,7.8800,1.9700,9.0739,299.4400,0.0000,64.8139,0,0.6567,9.1933,7.1429,22.8076,0
RTU-26,LS,T0,min_duration,0.0000,33,154,152,2,9.8500,7.8800,1.9700,9.0739,299.4400,0.0000,64.8139,0,0.6567,9.1933,7.1429,53.9202,0
RTU-26,LPT,T0,min_duration,0.0000,33,154,152,2,9.8500,7.8800,1.9700,9.0739,299.4400,0.0000,64.8139,0,0.6567,9.1933,7.1429,55.4649,0
RTU-27,LS,T0,earliest,0.0000,26,166,166,0,9.9400,8.5200,1.4200,9.0662,235.7200,0.0000,64.7582,0,0.6476,9.0662,9.6386,24.9189,0
RTU-27,LPT,T0,earliest,0.0000,26,166,166,0,9.9400,8.5200,1.4200,9.0662,235.7200,0.0000,64.7582,0,0.6476,9.0662,9.6386,23.2523,0
RTU-27,LS,T0,min_duration,0.0000,26,166,166,0,9.9400,8.5200,1.4200,9.0662,235.7200,0.0000,64.7582,0,0.6476,9.0662,9.6386,69.7594,0
RTU-27,LPT,T0,min_duration,0.0000,26,166,166,0,9.9400,8.5200,1.4200,9.0662,235.7200,0.0000,64.7582,0,0.6476,9.0662,9.6386,57.9763,0
RTU-28,LS,T0,earliest,0.0000,31,145,142,3,10.3500,8.2800,2.0700,9.4819,293.9400,0.0000,67.7281,0,0.6916,9.6823,6.8966,17.3496,0
RTU-28,LPT,T0,earliest,0.0000,31,145,142,3,10.3500,8.2800,2.0700,9.4819,293.9400,0.0000,67.7281,0,0.6916,9.6823,6.8966,18.4621,0
RTU-28,LS,T0,min_duration,0.0000,31,145,142,3,10.3500,8.2800,2.0700,9.4819,293.9400,0.0000,67.7281,0,0.6916,9.6823,6.8966,41.6126,0
RTU-28,LPT,T0,min_duration,0.0000,31,145,142,3,10.3500,8.2800,2.0700,9.4819,293.9400,0.0000,67.7281,0,0.6916,9.6823,6.8966,35.6588,0
RTU-29,LS,T0,earliest,0.0000,30,139,134,5,10.9000,8.7200,2.1800,9.7373,292.1200,-0.0000,69.5524,0,0.7215,10.1007,7.9137,11.9476,0
RTU-29,LPT,T0,earliest,0.0000,30,139,134,5,10.9000,8.7200,2.1800,9.7373,292.1200,-0.0000,69.5524,0,0.7215,10.1007,7.9137,13.1657,0
RTU-29,LS,T0,min_duration,0.0000,30,139,134,5,10.9000,8.7200,2.1800,9.7373,292.1200,-0.0000,69.5524,0,0.7215,10.1007,7.9137,27.1503,0
RTU-29,LPT,T0,min_duration,0.0000,30,139,134,5,10.9000,8.7200,2.1800,9.7373,292.1200,-0.0000,69.5524,0,0.7215,10.1007,7.9137,28.1814,0
RTI-01,LS,T1,earliest,0.0000,35,103,103,0,7.7723,5.2069,2.5654,7.3505,257.2683,0.7157,52.5037,0,0.5213,7.0631,10.0407,11.5800,0
RTI-01,LPT,T1,earliest,0.0000,35,103,100,3,9.7333,5.1043,4.6291,7.1010,248.5340,0.2153,50.7212,0,0.5213,7.0631,37.8053,10.7087,0
RTI-01,LS,T1,min_duration,0.0000,35,103,102,1,7.5652,5.0381,2.5271,7.0878,248.0714,-1.9326,50.6268,0,0.5213,7.0631,7.1085,71.2920,0
RTI-01,LPT,T1,min_duration,0.0000,35,103,98,5,9.3806,5.0277,4.3529,6.7607,236.6233,-2.6402,48.2905,0,0.5213,7.0631,32.8111,84.7661,0
RTI-02,LS,T1,earliest,0.0000,27,127,108,19,10.7385,10.0370,0.7015,10.4530,282.2300,0.5093,74.6640,0,0.8735,11.8397,-9.3005,11.5978,0
RTI-02,LPT,T1,earliest,0.0000,27,127,91,36,10.7002,5.6345,5.0657,8.9744,242.3086,2.4128,64.1028,0,0.8735,11.8397,-9.6240,10.9860,0
RTI-02,LS,T1,min_duration,0.0000,27,127,106,21,10.5291,7.7048,2.8243,10.1103,272.9782,-0.9513,72.2164,0,0.8735,11.8397,-11.0690,29.6725,0
RTI-02,LPT,T1,min_duration,0.0000,27,127,97,30,10.5136,7.8638,2.6498,9.2983,251.0541,-0.4544,66.4164,0,0.8735,11.8397,-11.2002,41.8926,0
RTI-04,LS,T1,earliest,0.0000,42,144,142,2,8.6441,6.5219,2.1222,7.6744,322.3266,0.8847,54.8175,0,0.5510,7.4622,15.8396,20.5912,0
RTI-04,LPT,T1,earliest,0.0000,42,144,140,4,9.0439,6.6662,2.3777,7.5148,315.6198,0.1968,53.6768,0,0.5510,7.4622,21.1963,15.7423,0
RTI-04,LS,T1,min_duration,0.0000,42,144,140,4,8.4377,6.4670,1.9707,7.3574,309.0122,-1.9009,52.5531,0,0.5510,7.4622,13.0734,100.0266,0
RTI-04,LPT,T1,min_duration,0.0000,42,144,138,6,8.7125,6.5010,2.2115,7.2167,303.1004,-2.3831,51.5477,0,0.5510,7.4622,16.7559,165.5783,0
RTI-05,LS,T1,earliest,0.0000,44,150,149,1,7.5476,5.7404,1.8071,6.7592,297.4054,0.8086,48.2801,0,0.4821,6.5244,15.6817,33.2567,0
RTI-05,LPT,T1,earliest,0.0000,44,150,150,0,7.8718,5.9291,1.9427,6.7768,298.1813,0.3977,48.4060,0,0.4821,6.5244,20.6511,31.1343,0
RTI-05,LS,T1,min_duration,0.0000,44,150,149,1,7.3581,5.6116,1.7466,6.5307,287.3491,-2.6001,46.6476,0,0.4821,6.5244,12.7787,212.9635,0
RTI-05,LPT,T1,min_duration,0.0000,44,150,150,0,7.6641,4.1580,3.5062,6.5419,287.8430,-3.0832,46.7278,0,0.4821,6.5244,17.4688,169.7821,0
RTI-06,LS,T1,earliest,0.0000,32,144,141,3,8.5338,7.0673,1.4666,7.6740,245.5669,0.6710,54.8140,0,0.5561,7.5309,13.3179,21.4893,0
RTI-06,LPT,T1,earliest,0.0000,32,144,144,0,8.6696,7.0036,1.6660,7.8171,250.1478,0.4126,55.8366,0,0.5561,7.5309,15.1210,17.0972,0
RTI-06,LS,T1,min_duration,0.0000,32,144,140,4,8.3414,6.7023,1.6391,7.3553,235.3688,-2.8205,52.5377,0,0.5561,7.5309,10.7630,100.2424,0
RTI-06,LPT,T1,min_duration,0.0000,32,144,141,3,8.4262,6.6420,1.7842,7.4089,237.0842,-2.8065,52.9206,0,0.5561,7.5309,11.8888,101.4590,0
RTI-07,LS,T1,earliest,0.0000,39,144,136,8,9.4593,7.0591,2.4003,8.4784,330.6575,0.8840,60.5600,0,0.6356,8.6088,9.8802,23.0402,0
RTI-07,LPT,T1,earliest,0.0000,39,144,129,15,9.8954,5.1075,4.7878,8.0450,313.7562,0.9219,57.4645,0,0.6356,8.6088,14.9449,18.5340,0
RTI-07,LS,T1,min_duration,0.0000,39,144,136,8,9.2819,7.0214,2.2605,8.2557,321.9733,-1.7655,58.9695,0,0.6356,8.6088,7.8190,98.4161,0
RTI-07,LPT,T1,min_duration,0.0000,39,144,126,18,9.3103,4.9795,4.3307,7.6607,298.7676,-1.6111,54.7193,0,0.6356,8.6088,8.1486,119.2072,0
RTI-08,LS,T1,earliest,0.0000,20,108,107,1,9.2301,7.8993,1.3308,8.4522,169.0448,0.6279,60.3732,0,0.6056,8.2037,12.5110,12.7759,0
RTI-08,LPT,T1,earliest,0.0000,20,108,107,1,9.3134,7.8911,1.4223,8.4285,168.5699,0.3452,60.2035,0,0.6056,8.2037,13.5267,10.1634,0
RTI-08,LS,T1,min_duration,0.0000,20,108,107,1,9.0180,7.6137,1.4043,8.1882,163.7642,-2.5155,58.4872,0,0.6056,8.2037,9.9261,56.6600,0
RTI-08,LPT,T1,min_duration,0.0000,20,108,104,4,9.1951,7.5434,1.6516,7.9578,159.1555,-2.5260,56.8413,0,0.6056,8.2037,12.0845,52.3973,0
RTI-09,LS,T1,earliest,0.0000,43,135,133,2,9.2143,6.9514,2.2629,7.5585,325.0149,0.9802,53.9892,0,0.5427,7.3518,25.3346,29.1106,0
RTI-09,LPT,T1,earliest,0.0000,43,135,127,8,9.5379,5.0185,4.5195,7.1925,309.2767,0.6301,51.3749,0,0.5427,7.3518,29.7365,24.4512,0
RTI-09,LS,T1,min_duration,0.0000,43,135,132,3,8.9935,6.9145,2.0790,7.3008,313.9353,-1.7232,52.1487,0,0.5427,7.3518,22.3308,117.0749,0
RTI-09,LPT,T1,min_duration,0.0000,43,135,124,11,9.3992,4.9193,4.4799,6.8241,293.4370,-2.2137,48.7437,0,0.5427,7.3518,27.8489,107.8990,0
RTI-10,LS,T1,earliest,0.0000,37,166,162,4,9.4848,7.8412,1.6436,8.5125,314.9625,0.7364,60.8036,0,0.6185,8.3698,13.3226,20.2794,0
RTI-10,LPT,T1,earliest,0.0000,37,166,155,11,9.7269,7.6032,2.1238,8.1397,301.1698,0.6752,58.1409,0,0.6185,8.3698,16.2153,16.5903,0
RTI-10,LS,T1,min_duration,0.0000,37,166,162,4,9.1656,7.5523,1.6133,8.2526,305.3474,-2.3388,58.9474,0,0.6185,8.3698,9.5086,91.2140,0
RTI-10,LPT,T1,min_duration,0.0000,37,166,156,10,9.3618,5.8779,3.4838,7.9305,293.4272,-2.5418,56.6462,0,0.6185,8.3698,11.8525,167.8734,0
RTU-01,LS,T1,earliest,0.0000,32,144,129,15,11.9339,9.5394,2.3945,9.9758,319.2250,0.5940,71.2556,0,0.7907,10.7141,11.3852,17.2235,0
RTU-01,LPT,T1,earliest,0.0000,32,144,116,28,10.1249,5.3936,4.7313,9.0737,290.3570,1.7511,64.8118,0,0.7907,10.7141,-5.4995,24.7488,0
RTU-01,LS,T1,min_duration,0.0000,32,144,128,16,9.9322,9.2969,0.6353,9.6872,309.9891,-1.5533,69.1940,0,0.7907,10.7141,-7.2978,67.1428,0
RTU-01,LPT,T1,min_duration,0.0000,32,144,116,28,12.0322,7.3745,4.6577,8.8290,282.5268,-0.9928,63.0640,0,0.7907,10.7141,12.3024,80.0861,0
RTU-02,LS,T1,earliest,0.0000,29,117,113,4,8.9081,6.9875,1.9206,8.5738,248.6407,0.4731,61.2415,0,0.6311,8.5444,4.2558,14.4729,0
RTU-02,LPT,T1,earliest,0.0000,29,117,105,12,8.9477,6.6518,2.2958,8.0141,232.4091,1.0694,57.2436,0,0.6311,8.5444,4.7195,11.7603,0
RTU-02,LS,T1,min_duration,0.0000,29,117,113,4,8.7252,6.8604,1.8648,8.3484,242.1043,-2.1682,59.6316,0,0.6311,8.5444,2.1154,72.4683,0
RTU-02,LPT,T1,min_duration,0.0000,29,117,106,11,8.7014,6.5534,2.1479,7.8365,227.2586,-2.1028,55.9750,0,0.6311,8.5444,1.8367,69.0203,0
RTU-04,LS,T1,earliest,0.0000,28,144,137,7,10.5259,8.7321,1.7938,10.1482,284.1493,1.1747,72.4871,0,0.7531,10.1907,3.2896,19.9033,0
RTU-04,LPT,T1,earliest,0.0000,28,144,123,21,10.3478,8.2964,2.0515,9.1384,255.8755,1.4775,65.2744,0,0.7531,10.1907,1.5420,14.0736,0
RTU-04,LS,T1,min_duration,0.0000,28,144,136,8,10.2013,8.5636,1.6377,9.8016,274.4451,-1.5620,70.0115,0,0.7531,10.1907,0.1039,50.3495,0
RTU-04,LPT,T1,min_duration,0.0000,28,144,122,22,10.1284,7.9890,2.1395,8.7860,246.0089,-1.6358,62.7574,0,0.7531,10.1907,-0.6110,81.5296,0
RTU-05,LS,T1,earliest,0.0000,24,144,134,10,11.5047,9.7594,1.7452,10.7068,256.9640,0.4001,76.4774,0,0.8186,11.0771,3.8595,13.1360,0
RTU-05,LPT,T1,earliest,0.0000,24,144,116,28,9.9133,7.8219,2.0914,9.3999,225.5975,1.8223,67.1421,0,0.8186,11.0771,-10.5070,10.6520,0
RTU-05,LS,T1,min_duration,0.0000,24,144,131,13,11.3794,9.4711,1.9083,10.2858,246.8601,-1.3388,73.4703,0,0.8186,11.0771,2.7291,32.6418,0
RTU-05,LPT,T1,min_duration,0.0000,24,144,111,33,9.5807,7.5627,2.0179,8.7580,210.1930,-0.8570,62.5574,0,0.8186,11.0771,-13.5093,42.5750,0
RTU-07,LS,T1,earliest,0.0000,28,127,127,0,7.0286,5.8988,1.1297,6.5001,182.0034,0.9224,46.4294,0,0.4601,6.2364,12.7016,13.8341,0
RTU-07,LPT,T1,earliest,0.0000,28,127,127,0,7.1122,5.8118,1.3004,6.4656,181.0372,0.3866,46.1830,0,0.4601,6.2364,14.0431,11.3023,0
RTU-07,LS,T1,min_duration,0.0000,28,127,127,0,6.8968,5.6589,1.2379,6.2633,175.3713,-2.7552,44.7376,0,0.4601,6.2364,10.5883,89.6430,0
RTU-07,LPT,T1,min_duration,0.0000,28,127,127,0,6.9073,5.4678,1.4395,6.2647,175.4112,-2.7330,44.7478,0,0.4601,6.2364,10.7574,84.8436,0
RTU-08,LS,T1,earliest,0.0000,26,114,112,2,8.6352,7.1498,1.4854,7.6348,198.5040,0.7021,54.5341,0,0.5512,7.4641,15.6902,11.4769,0
RTU-08,LPT,T1,earliest,0.0000,26,114,112,2,8.7748,7.0401,1.7347,7.6114,197.8967,0.3940,54.3672,0,0.5512,7.4641,17.5594,8.9091,0
RTU-08,LS,T1,min_duration,0.0000,26,114,112,2,8.4574,6.7706,1.6869,7.3732,191.7034,-2.7478,52.6658,0,0.5512,7.4641,13.3080,56.7320,0
RTU-08,LPT,T1,min_duration,0.0000,26,114,112,2,8.5090,6.7990,1.7101,7.3640,191.4632,-2.8697,52.5998,0,0.5512,7.4641,13.9994,68.0807,0
RTU-09,LS,T1,earliest,0.0000,21,120,119,1,9.7017,8.2129,1.4888,9.1267,191.6614,0.6625,65.1909,0,0.6531,8.8492,9.6340,14.3384,0
RTU-09,LPT,T1,earliest,0.0000,21,120,115,5,9.6013,8.0447,1.5566,8.7900,184.5898,0.3206,62.7857,0,0.6531,8.8492,8.4992,12.6396,0
RTU-09,LS,T1,min_duration,0.0000,21,120,118,2,9.3071,7.9591,1.3480,8.7698,184.1652,-2.4549,62.6412,0,0.6531,8.8492,5.1744,45.1689,0
RTU-09,LPT,T1,min_duration,0.0000,21,120,108,12,9.4162,6.4709,2.9453,8.0503,169.0564,-2.1664,57.5022,0,0.6531,8.8492,6.4075,44.2024,0
RTU-10,LS,T1,earliest,0.0000,16,103,103,0,9.1076,8.1078,0.9999,8.5643,137.0292,0.7864,61.1737,0,0.6070,8.2272,10.7010,9.6525,0
RTU-10,LPT,T1,earliest,0.0000,16,103,101,2,9.2567,7.8708,1.3858,8.3747,133.9956,0.5067,59.8195,0,0.6070,8.2272,12.5125,7.2503,0
RTU-10,LS,T1,min_duration,0.0000,16,103,103,0,8.8654,7.7921,1.0733,8.2732,132.3705,-2.6401,59.0940,0,0.6070,8.2272,7.7564,36.4609,0
RTU-10,LPT,T1,min_duration,0.0000,16,103,101,2,9.0704,7.6441,1.4262,8.1146,129.8344,-2.6145,57.9618,0,0.6070,8.2272,10.2481,34.2601,0
RTU-11A,LS,T1,earliest,0.0000,21,103,103,0,6.2173,5.2770,0.9403,5.9990,125.9787,1.0822,42.8499,0,0.4239,5.7442,8.2367,11.7695,0
RTU-11A,LPT,T1,earliest,0.0000,21,103,103,0,6.1263,5.1292,0.9971,5.9802,125.5835,0.7650,42.7155,0,0.4239,5.7442,6.6524,9.6028,0
RTU-11A,LS,T1,min_duration,0.0000,21,103,103,0,6.0109,5.2020,0.8089,5.7653,121.0716,-2.8551,41.1808,0,0.4239,5.7442,4.6437,61.6865,0
RTU-11A,LPT,T1,min_duration,0.0000,21,103,103,0,5.9069,4.9512,0.9556,5.7604,120.9685,-2.9379,41.1458,0,0.4239,5.7442,2.8323,56.8810,0
RTU-11B,LS,T1,earliest,0.0000,22,103,103,0,6.0566,5.0644,0.9922,5.7284,126.0254,1.1196,40.9173,0,0.4046,5.4831,10.4605,11.9357,0
RTU-11B,LPT,T1,earliest,0.0000,22,103,103,0,6.1575,5.0264,1.1311,5.6920,125.2231,0.4759,40.6568,0,0.4046,5.4831,12.3003,11.9758,0
RTU-11B,LS,T1,min_duration,0.0000,22,103,103,0,5.9310,4.9872,0.9438,5.5026,121.0579,-2.8662,39.3045,0,0.4046,5.4831,8.1695,68.7583,0
RTU-11B,LPT,T1,min_duration,0.0000,22,103,103,0,5.8736,4.7016,1.1720,5.4938,120.8628,-3.0227,39.2412,0,0.4046,5.4831,7.1216,63.4741,0
RTU-12,LS,T1,earliest,0.0000,39,150,147,3,7.6159,6.0052,1.6107,7.2223,281.6686,0.8480,51.5877,0,0.5220,7.0651,7.7969,27.3609,0
RTU-12,LPT,T1,earliest,0.0000,39,150,150,0,7.7691,5.8675,1.9015,7.3246,285.6597,0.2315,52.3186,0,0.5220,7.0651,9.9644,22.3019,0
RTU-12,LS,T1,min_duration,0.0000,39,150,147,3,7.4000,5.8765,1.5235,6.9640,271.5945,-2.7589,49.7426,0,0.5220,7.0651,4.7405,145.6925,0
RTU-12,LPT,T1,min_duration,0.0000,39,150,148,2,9.1039,5.6577,3.4462,6.9973,272.8944,-2.9536,49.9807,0,0.5220,7.0651,28.8583,145.2695,0
RTU-13,LS,T1,earliest,0.0000,37,144,136,8,9.3216,7.2352,2.0864,8.6314,319.3616,0.7831,61.6528,0,0.6477,8.7714,6.2721,21.3882,0
RTU-13,LPT,T1,earliest,0.0000,37,144,128,16,11.6479,4.9800,6.6678,8.1458,301.3937,1.0574,58.1841,0,0.6477,8.7714,32.7935,18.0432,0
RTU-13,LS,T1,min_duration,0.0000,37,144,136,8,9.1256,6.9275,2.1981,8.3961,310.6568,-1.9639,59.9724,0,0.6477,8.7714,4.0373,92.9690,0
RTU-13,LPT,T1,min_duration,0.0000,37,144,128,16,9.1523,6.8478,2.3045,7.9140,292.8190,-1.8177,56.5288,0,0.6477,8.7714,4.3419,110.2063,0
RTU-14,LS,T1,earliest,0.0000,37,108,108,0,6.3459,4.2325,2.1135,5.9286,219.3564,1.0487,42.3468,0,0.4191,5.6702,11.9174,16.5571,0
RTU-14,LPT,T1,earliest,0.0000,37,108,108,0,6.2131,4.3374,1.8757,5.8880,217.8554,0.3572,42.0570,0,0.4191,5.6702,9.5743,14.2563,0
RTU-14,LS,T1,min_duration,0.0000,37,108,108,0,6.2037,4.0389,2.1649,5.7252,211.8324,-2.4174,40.8943,0,0.4191,5.6702,9.4094,112.1060,0
RTU-14,LPT,T1,min_duration,0.0000,37,108,108,0,7.5709,4.1138,3.4571,5.6858,210.3744,-3.0890,40.6128,0,0.4191,5.6702,33.5213,115.3862,0
RTU-15,LS,T1,earliest,0.0000,30,127,123,4,9.2074,7.6410,1.5664,7.9700,239.0987,0.7198,56.9283,0,0.5836,7.8975,16.5872,16.1942,0
RTU-15,LPT,T1,earliest,0.0000,30,127,124,3,9.5783,7.6688,1.9095,8.0178,240.5343,0.5074,57.2701,0,0.5836,7.8975,21.2833,13.6080,0
RTU-15,LS,T1,min_duration,0.0000,30,127,123,4,8.9337,7.3084,1.6253,7.7040,231.1197,-2.6414,55.0285,0,0.5836,7.8975,13.1213,70.4586,0
RTU-15,LPT,T1,min_duration,0.0000,30,127,121,6,9.3115,5.8227,3.4888,7.5660,226.9791,-2.8051,54.0427,0,0.5836,7.8975,17.9045,66.5300,0
RTU-16,LS,T1,earliest,0.0000,40,150,148,2,7.8609,6.1745,1.6863,7.3789,295.1542,0.7215,52.7061,0,0.5304,7.1769,9.5307,25.9241,0
RTU-16,LPT,T1,earliest,0.0000,40,150,150,0,7.9697,5.9491,2.0206,7.4367,297.4691,0.1579,53.1195,0,0.5304,7.1769,11.0469,21.9634,0
RTU-16,LS,T1,min_duration,0.0000,40,150,148,2,7.7026,6.0478,1.6548,7.1337,285.3492,-2.6245,50.9552,0,0.5304,7.1769,7.3255,152.6080,0
RTU-16,LPT,T1,min_duration,0.0000,40,150,148,2,9.2813,5.8638,3.4175,7.1138,284.5535,-2.8960,50.8131,0,0.5304,7.1769,29.3221,141.2253,0
RTU-17,LS,T1,earliest,0.0000,28,127,125,2,8.7240,7.2176,1.5064,7.9106,221.4972,0.6805,56.5044,0,0.5702,7.7225,12.9695,15.7771,0
RTU-17,LPT,T1,earliest,0.0000,28,127,126,1,8.9517,7.0184,1.9333,7.9738,223.2654,0.6789,56.9555,0,0.5702,7.7225,15.9184,13.2782,0
RTU-17,LS,T1,min_duration,0.0000,28,127,124,3,8.4927,6.8423,1.6504,7.5846,212.3686,-2.6904,54.1757,0,0.5702,7.7225,9.9735,77.9606,0
RTU-17,LPT,T1,min_duration,0.0000,28,127,124,3,8.6690,6.8224,1.8467,7.5946,212.6481,-2.5623,54.2470,0,0.5702,7.7225,12.2577,79.4264,0
RTU-18,LS,T1,earliest,0.0000,35,166,162,4,8.5364,7.0645,1.4719,7.9313,277.5949,0.7970,56.6520,0,0.5759,7.7997,9.4459,27.2648,0
RTU-18,LPT,T1,earliest,0.0000,35,166,166,0,10.1214,6.9098,3.2116,8.1099,283.8449,0.5829,57.9275,0,0.5759,7.7997,29.7668,22.5648,0
RTU-18,LS,T1,min_duration,0.0000,35,166,162,4,8.3274,6.9718,1.3556,7.6731,268.5581,-2.4843,54.8078,0,0.5759,7.7997,6.7654,124.2924,0
RTU-18,LPT,T1,min_duration,0.0000,35,166,164,2,8.4187,6.5630,1.8557,7.7324,270.6333,-2.9292,55.2313,0,0.5759,7.7997,7.9366,127.3667,0
RTU-19,LS,T1,earliest,0.0000,34,144,134,10,9.5068,7.4749,2.0319,9.1581,311.3765,0.5933,65.4152,0,0.6988,9.4636,0.4565,19.0007,0
RTU-19,LPT,T1,earliest,0.0000,34,144,123,21,9.4425,7.0659,2.3765,8.4730,288.0815,1.3907,60.5213,0,0.6988,9.4636,-0.2237,16.5970,0
RTU-19,LS,T1,min_duration,0.0000,34,144,134,10,9.2362,7.2474,1.9888,8.9300,303.6207,-1.9123,63.7859,0,0.6988,9.4636,-2.4030,100.2308,0
RTU-19,LPT,T1,min_duration,0.0000,34,144,122,22,11.1216,6.8743,4.2473,8.1655,277.6276,-1.4876,58.3251,0,0.6988,9.4636,17.5189,104.1989,0
RTU-20,LS,T1,earliest,0.0000,31,154,152,2,7.8689,6.6810,1.1879,7.6083,235.8558,0.7586,54.3446,0,0.5465,7.4059,6.2521,25.6884,0
RTU-20,LPT,T1,earliest,0.0000,31,154,152,2,7.8632,6.4535,1.4097,7.5927,235.3730,0.5524,54.2334,0,0.5465,7.4059,6.1749,21.3285,0
RTU-20,LS,T1,min_duration,0.0000,31,154,152,2,7.7678,6.5420,1.2259,7.3577,228.0877,-2.5600,52.5548,0,0.5465,7.4059,4.8874,118.8970,0
RTU-20,LPT,T1,min_duration,0.0000,31,154,153,1,8.9732,5.9817,2.9915,7.3903,229.0997,-2.7673,52.7880,0,0.5465,7.4059,21.1637,90.6918,0
RTU-21,LS,T1,earliest,0.0000,26,166,166,0,8.8631,7.8674,0.9958,8.3088,216.0298,0.8825,59.3488,0,0.5883,7.9741,11.1493,19.5644,0
RTU-21,LPT,T1,earliest,0.0000,26,166,166,0,8.9981,7.6111,1.3870,8.2676,214.9575,0.3818,59.0543,0,0.5883,7.9741,12.8421,15.4986,0
RTU-21,LS,T1,min_duration,0.0000,26,166,166,0,8.6261,7.5339,1.0922,8.0107,208.2773,-2.7378,57.2190,0,0.5883,7.9741,8.1762,82.7315,0
RTU-21,LPT,T1,min_duration,0.0000,26,166,166,0,8.7598,7.4792,1.2806,7.9970,207.9229,-2.9033,57.1217,0,0.5883,7.9741,9.8532,94.9926,0
RTU-22,LS,T1,earliest,0.0000,19,127,102,25,12.9382,10.5913,2.3469,11.5271,219.0141,0.8074,82.3361,0,1.0170,13.7686,-6.0313,9.2249,0
RTU-22,LPT,T1,earliest,0.0000,19,127,88,39,12.8306,8.7049,4.1257,10.0985,191.8718,2.3644,72.1322,0,1.0170,13.7686,-6.8125,9.2227,0
RTU-22,LS,T1,min_duration,0.0000,19,127,99,28,12.6077,10.4274,2.1803,11.0283,209.5371,-0.6321,78.7734,0,1.0170,13.7686,-8.4316,19.6586,0
RTU-22,LPT,T1,min_duration,0.0000,19,127,81,46,12.4643,6.7589,5.7055,9.1984,174.7693,1.2979,65.7027,0,1.0170,13.7686,-9.4727,27.0425,0
RTU-23,LS,T1,earliest,0.0000,37,166,161,5,9.2337,7.6223,1.6114,8.1954,303.2283,0.7169,58.5383,0,0.5993,8.1110,13.8419,27.1341,0
RTU-23,LPT,T1,earliest,0.0000,37,166,162,4,9.3872,7.5206,1.8666,8.2541,305.4035,0.8132,58.9582,0,0.5993,8.1110,15.7345,21.9471,0
RTU-23,LS,T1,min_duration,0.0000,37,166,161,5,8.9593,7.2250,1.7343,7.9279,293.3311,-2.5705,56.6276,0,0.5993,8.1110,10.4582,127.4431,0
RTU-23,LPT,T1,min_duration,0.0000,37,166,158,8,9.0746,7.1597,1.9148,7.7634,287.2459,-2.7801,55.4529,0,0.5993,8.1110,11.8796,129.2560,0
RTU-24,LS,T1,earliest,0.0000,35,117,113,4,9.4216,7.0980,2.3237,7.9894,279.6298,1.0041,57.0673,0,0.5850,7.9254,18.8788,16.1666,0
RTU-24,LPT,T1,earliest,0.0000,35,117,110,7,9.6956,5.1351,4.5605,7.7394,270.8785,0.5115,55.2813,0,0.5850,7.9254,22.3360,15.0368,0
RTU-24,LS,T1,min_duration,0.0000,35,117,112,5,9.2372,7.0511,2.1861,7.6971,269.3980,-1.8229,54.9792,0,0.5850,7.9254,16.5514,88.2491,0
RTU-24,LPT,T1,min_duration,0.0000,35,117,111,6,9.5474,4.9918,4.5556,7.5889,265.6103,-2.3312,54.2062,0,0.5850,7.9254,20.4655,95.0651,0
RTU-25,LS,T1,earliest,0.0000,27,127,125,2,8.2921,6.9257,1.3664,7.7383,208.9333,0.6907,55.2734,0,0.5577,7.5571,9.7253,16.2077,0
RTU-25,LPT,T1,earliest,0.0000,27,127,126,1,8.4185,6.6525,1.7660,7.7937,210.4291,0.6068,55.6691,0,0.5577,7.5571,11.3985,13.7872,0
RTU-25,LS,T1,min_duration,0.0000,27,127,125,2,8.1221,6.8035,1.3185,7.4932,202.3170,-2.4978,53.5230,0,0.5577,7.5571,7.4756,85.9404,0
RTU-25,LPT,T1,min_duration,0.0000,27,127,126,1,8.1209,6.5657,1.5552,7.5301,203.3139,-2.7951,53.7867,0,0.5577,7.5571,7.4599,78.5719,0
RTU-26,LS,T1,earliest,0.0000,33,154,149,5,9.7889,8.1293,1.6596,8.9827,296.4304,0.9881,64.1624,0,0.6567,8.8860,10.1611,23.1459,0
RTU-26,LPT,T1,earliest,0.0000,33,154,138,16,10.0040,7.8695,2.1345,8.3332,274.9951,1.1532,59.5228,0,0.6567,8.8860,12.5822,18.1720,0
RTU-26,LS,T1,min_duration,0.0000,33,154,149,5,9.5152,7.9510,1.5642,8.7212,287.8007,-1.9519,62.2945,0,0.6567,8.8860,7.0812,86.6745,0
RTU-26,LPT,T1,min_duration,0.0000,33,154,142,12,9.6882,7.5598,2.1284,8.2824,273.3186,-2.2955,59.1599,0,0.6567,8.8860,9.0281,107.0387,0
RTU-27,LS,T1,earliest,0.0000,26,166,166,0,9.7252,8.6422,1.0830,9.1315,237.4196,0.7210,65.2252,0,0.6476,8.7767,10.8062,23.7714,0
RTU-27,LPT,T1,earliest,0.0000,26,166,159,7,9.8360,8.3838,1.4522,8.7062,226.3602,0.2570,62.1869,0,0.6476,8.7767,12.0689,17.8800,0
RTU-27,LS,T1,min_duration,0.0000,26,166,166,0,9.5389,8.2887,1.2503,8.8310,229.6072,-2.5932,63.0789,0,0.6476,8.7767,8.6841,93.9558,0
RTU-27,LPT,T1,min_duration,0.0000,26,166,157,9,9.7898,7.0677,2.7221,8.3662,217.5202,-2.4311,59.7583,0,0.6476,8.7767,11.5429,80.1608,0
RTU-28,LS,T1,earliest,0.0000,31,145,139,6,10.3038,8.2715,2.0324,9.3886,291.0475,1.1530,67.0616,0,0.6916,9.3613,10.0687,17.7235,0
RTU-28,LPT,T1,earliest,0.0000,31,145,127,18,10.4560,6.5916,3.8644,8.6066,266.8036,1.4887,61.4755,0,0.6916,9.3613,11.6943,15.6640,0
RTU-28,LS,T1,min_duration,0.0000,31,145,138,7,10.0431,8.2330,1.8101,9.0496,280.5379,-1.7931,64.6401,0,0.6916,9.3613,7.2832,66.2653,0
RTU-28,LPT,T1,min_duration,0.0000,31,145,128,17,10.1291,6.3489,3.7802,8.3784,259.7312,-1.9734,59.8459,0,0.6916,9.3613,8.2020,90.2908,0
RTU-29,LS,T1,earliest,0.0000,30,139,133,6,10.8660,8.7007,2.1653,9.7530,292.5905,0.9142,69.6644,0,0.7215,9.7672,11.2503,16.7415,0
RTU-29,LPT,T1,earliest,0.0000,30,139,119,20,11.1497,6.7974,4.3523,8.7630,262.8893,1.3373,62.5927,0,0.7215,9.7672,14.1549,14.1684,0
RTU-29,LS,T1,min_duration,0.0000,30,139,129,10,10.5429,8.4449,2.0980,9.1903,275.7102,-1.9592,65.6453,0,0.7215,9.7672,7.9427,64.1527,0
RTU-29,LPT,T1,min_duration,0.0000,30,139,116,23,10.3536,6.6593,3.6943,8.3206,249.6180,-1.2900,59.4329,0,0.7215,9.7672,6.0042,75.4680,0
RTI-01,LS,T2,earliest,0.0000,35,103,99,4,8.6246,5.7392,2.8854,7.9147,277.0161,12.8283,56.5339,0,0.5213,7.9426,8.5864,13.3283,0
RTI-01,LPT,T2,earliest,0.0000,35,103,90,13,10.8524,5.7356,5.1168,7.2299,253.0470,13.3723,51.6422,0,0.5213,7.9426,36.6351,11.1455,0
RTI-01,LS,T2,min_duration,0.0000,35,103,99,4,8.4732,5.5835,2.8897,7.7225,270.2863,10.0873,55.1605,0,0.5213,7.9426,6.6802,76.2505,0
RTI-01,LPT,T2,min_duration,0.0000,35,103,92,11,8.2309,5.5064,2.7244,7.1726,251.0401,10.0281,51.2327,0,0.5213,7.9426,3.6294,80.9632,0
RTI-02,LS,T2,earliest,0.0000,27,127,98,29,11.7508,8.7896,2.9612,10.6918,288.6798,13.2966,76.3703,0,0.8735,13.3178,-11.7665,12.0368,0
RTI-02,LPT,T2,earliest,0.0000,27,127,84,43,11.8934,6.1925,5.7009,9.3037,251.2001,15.0184,66.4551,0,0.8735,13.3178,-10.6955,11.1393,0
RTI-02,LS,T2,min_duration,0.0000,27,127,94,33,11.5362,8.4022,3.1339,10.1063,272.8694,11.6487,72.1877,0,0.8735,13.3178,-13.3780,38.1913,0
RTI-02,LPT,T2,min_duration,0.0000,27,127,84,43,11.5569,6.1484,5.4085,9.1104,245.9805,12.6284,65.0742,0,0.8735,13.3178,-13.2220,49.2820,0
RTI-04,LS,T2,earliest,0.0000,42,144,139,5,9.8222,7.3875,2.4347,8.4523,354.9964,13.5080,60.3735,0,0.5510,8.3897,17.0745,24.3729,0
RTI-04,LPT,T2,earliest,0.0000,42,144,128,16,10.0241,5.2906,4.7336,7.7984,327.5313,13.7261,55.7026,0,0.5510,8.3897,19.4813,21.4445,0
RTI-04,LS,T2,min_duration,0.0000,42,144,139,5,9.6285,7.4000,2.2285,8.2363,345.9247,10.6074,58.8307,0,0.5510,8.3897,14.7651,106.7767,0
RTI-04,LPT,T2,min_duration,0.0000,42,144,128,16,9.7447,5.1839,4.5609,7.5528,317.2185,10.1453,53.9487,0,0.5510,8.3897,16.1510,96.3817,0
RTI-05,LS,T2,earliest,0.0000,44,150,148,2,8.5176,6.4707,2.0469,7.5621,332.7323,13.5450,54.0150,0,0.4821,7.3335,16.1454,20.6305,0
RTI-05,LPT,T2,earliest,0.0000,44,150,147,3,8.8758,4.6824,4.1934,7.4631,328.3786,12.8216,53.3082,0,0.4821,7.3335,21.0311,17.1206,0
RTI-05,LS,T2,min_duration,0.0000,44,150,147,3,8.3444,6.4339,1.9105,7.2868,320.6198,10.1559,52.0487,0,0.4821,7.3335,13.7841,114.5207,0
RTI-05,LPT,T2,min_duration,0.0000,44,150,147,3,8.7190,4.6680,4.0510,7.2349,318.3365,9.3714,51.6780,0,0.4821,7.3335,18.8929,140.9333,0
RTI-06,LS,T2,earliest,0.0000,32,144,140,4,9.5841,7.9786,1.6055,8.5853,274.7293,13.4308,61.3235,0,0.5561,8.4659,13.2088,21.4528,0
RTI-06,LPT,T2,earliest,0.0000,32,144,136,8,9.8330,7.7549,2.0781,8.3390,266.8494,13.4178,59.5646,0,0.5561,8.4659,16.1483,16.3306,0
RTI-06,LS,T2,min_duration,0.0000,32,144,140,4,9.3694,7.5258,1.8436,8.3098,265.9142,9.7912,59.3558,0,0.5561,8.4659,10.6731,86.6133,0
RTI-06,LPT,T2,min_duration,0.0000,32,144,138,6,9.5448,5.9208,3.6240,8.1616,261.1718,9.3959,58.2973,0,0.5561,8.4659,12.7442,94.7537,0
RTI-07,LS,T2,earliest,0.0000,39,144,133,11,10.6413,8.0718,2.5695,9.3125,363.1891,13.3089,66.5181,0,0.6356,9.6808,9.9224,19.7578,0
RTI-07,LPT,T2,earliest,0.0000,39,144,116,28,10.6852,5.6432,5.0420,8.1701,318.6327,13.9765,58.3576,0,0.6356,9.6808,10.3754,17.5352,0
RTI-07,LS,T2,min_duration,0.0000,39,144,133,11,10.5524,7.9920,2.5604,9.1112,355.3355,10.8587,65.0798,0,0.6356,9.6808,9.0042,83.1036,0
RTI-07,LPT,T2,min_duration,0.0000,39,144,115,29,10.5285,5.5843,4.9441,7.8981,308.0272,11.1410,56.4152,0,0.6356,9.6808,8.7567,99.6177,0
RTI-08,LS,T2,earliest,0.0000,20,108,105,3,10.3834,8.8706,1.5128,9.3350,186.6999,13.2544,66.6785,0,0.6056,9.2243,12.5657,9.7251,0
RTI-08,LPT,T2,earliest,0.0000,20,108,97,11,9.0960,7.3600,1.7360,8.6554,173.1088,13.6705,61.8246,0,0.6056,9.2243,-1.3905,8.2636,0
RTI-08,LS,T2,min_duration,0.0000,20,108,105,3,10.1395,8.5496,1.5899,9.0727,181.4540,10.0722,64.8050,0,0.6056,9.2243,9.9216,38.8362,0
RTI-08,LPT,T2,min_duration,0.0000,20,108,97,11,8.8020,7.0965,1.7055,8.3769,167.5375,10.0122,59.8348,0,0.6056,9.2243,-4.5778,40.6465,0
RTI-09,LS,T2,earliest,0.0000,43,135,129,6,8.5317,7.9260,0.6057,8.2106,353.0547,13.0933,58.6470,0,0.5427,8.2667,3.2060,20.4564,0
RTI-09,LPT,T2,earliest,0.0000,43,135,118,17,10.6316,5.6293,5.0023,7.5471,324.5253,13.6452,53.9079,0,0.5427,8.2667,28.6073,17.8532,0
RTI-09,LS,T2,min_duration,0.0000,43,135,129,6,8.2514,7.7404,0.5110,8.0215,344.9246,10.4890,57.2964,0,0.5427,8.2667,-0.1854,106.7569,0
RTI-09,LPT,T2,min_duration,0.0000,43,135,119,16,10.5000,5.5185,4.9815,7.3876,317.6672,10.3088,52.7686,0,0.5427,8.2667,27.0156,117.4834,0
RTI-10,LS,T2,earliest,0.0000,37,166,159,7,10.6902,8.6829,2.0073,9.3954,347.6296,13.2824,67.1100,0,0.6185,9.4080,13.6287,23.8411,0
RTI-10,LPT,T2,earliest,0.0000,37,166,147,19,10.9360,6.7581,4.1779,8.7000,321.8986,13.4604,62.1426,0,0.6185,9.4080,16.2413,20.5300,0
RTI-10,LS,T2,min_duration,0.0000,37,166,157,9,10.4289,8.3767,2.0522,9.0035,333.1294,9.9401,64.3107,0,0.6185,9.4080,10.8514,97.5517,0
RTI-10,LPT,T2,min_duration,0.0000,37,166,148,18,10.5070,6.6136,3.8934,8.5014,314.5526,10.1220,60.7244,0,0.6185,9.4080,11.6814,120.9510,0
RTU-01,LS,T2,earliest,0.0000,32,144,122,22,11.3345,8.2607,3.0739,10.6125,339.5992,13.1545,75.8034,0,0.7907,12.0475,-5.9177,15.2059,0
RTU-01,LPT,T2,earliest,0.0000,32,144,105,39,11.1682,5.9073,5.2609,9.2515,296.0496,14.6146,66.0825,0,0.7907,12.0475,-7.2983,14.0561,0
RTU-01,LS,T2,min_duration,0.0000,32,144,120,24,11.1654,8.1728,2.9925,10.2721,328.7085,11.3511,73.3724,0,0.7907,12.0475,-7.3220,59.6160,0
RTU-01,LPT,T2,min_duration,0.0000,32,144,106,38,10.8590,5.8205,5.0385,9.1118,291.5772,11.8182,65.0842,0,0.7907,12.0475,-9.8652,68.0268,0
RTU-02,LS,T2,earliest,0.0000,29,117,109,8,9.9202,7.7872,2.1330,9.3094,269.9716,13.0960,66.4955,0,0.6311,9.6057,3.2748,11.6898,0
RTU-02,LPT,T2,earliest,0.0000,29,117,99,18,10.1327,5.3137,4.8190,8.5135,246.8909,13.8743,60.8106,0,0.6311,9.6057,5.4869,9.5979,0
RTU-02,LS,T2,min_duration,0.0000,29,117,108,9,9.6761,7.4544,2.2217,8.9982,260.9474,10.3278,64.2728,0,0.6311,9.6057,0.7333,43.0813,0
RTU-02,LPT,T2,min_duration,0.0000,29,117,102,15,9.7418,5.1723,4.5695,8.5084,246.7422,10.4585,60.7740,0,0.6311,9.6057,1.4179,54.7355,0
RTU-04,LS,T2,earliest,0.0000,28,144,131,13,11.6599,9.2151,2.4448,10.8550,303.9396,13.1780,77.5356,0,0.7531,11.4558,1.7818,11.7869,0
RTU-04,LPT,T2,earliest,0.0000,28,144,115,29,11.7738,7.2750,4.4988,9.6208,269.3823,14.2661,68.7200,0,0.7531,11.4558,2.7752,11.1496,0
RTU-04,LS,T2,min_duration,0.0000,28,144,125,19,11.3494,9.0234,2.3261,10.1784,284.9941,11.2172,72.7026,0,0.7531,11.4558,-0.9287,34.2447,0
RTU-04,LPT,T2,min_duration,0.0000,28,144,114,30,11.4439,7.0796,4.3643,9.2853,259.9880,11.2486,66.3235,0,0.7531,11.4558,-0.1044,54.7497,0
RTU-05,LS,T2,earliest,0.0000,24,144,126,18,12.9444,10.6020,2.3424,11.3641,272.7381,13.3292,81.1721,0,0.8186,12.4517,3.9563,12.5527,0
RTU-05,LPT,T2,earliest,0.0000,24,144,108,36,12.7023,6.9578,5.7445,9.8582,236.5962,14.6966,70.4155,0,0.8186,12.4517,2.0119,11.7514,0
RTU-05,LS,T2,min_duration,0.0000,24,144,121,23,12.5765,8.5989,3.9775,10.7413,257.7903,11.5444,76.7233,0,0.8186,12.4517,1.0017,29.3068,0
RTU-05,LPT,T2,min_duration,0.0000,24,144,103,41,10.7729,6.7457,4.0272,9.2127,221.1046,12.3899,65.8050,0,0.8186,12.4517,-13.4830,48.6522,0
RTU-07,LS,T2,earliest,0.0000,28,127,126,1,7.9067,6.6024,1.3043,7.2419,202.7729,13.3316,51.7278,0,0.4601,7.0168,12.6823,16.2300,0
RTU-07,LPT,T2,earliest,0.0000,28,127,127,0,7.9875,6.3300,1.6575,7.2484,202.9541,12.5397,51.7740,0,0.4601,7.0168,13.8338,12.7555,0
RTU-07,LS,T2,min_duration,0.0000,28,127,125,2,7.7293,6.2256,1.5037,6.9373,194.2441,9.4333,49.5521,0,0.4601,7.0168,10.1545,83.9665,0
RTU-07,LPT,T2,min_duration,0.0000,28,127,127,0,7.7722,6.1374,1.6348,7.0453,197.2696,9.3876,50.3239,0,0.4601,7.0168,10.7653,80.7784,0
RTU-08,LS,T2,earliest,0.0000,26,114,111,3,9.6861,8.0290,1.6571,8.5141,221.3657,13.3117,60.8148,0,0.5512,8.3906,15.4406,12.3423,0
RTU-08,LPT,T2,earliest,0.0000,26,114,108,6,9.8740,7.9189,1.9551,8.2902,215.5451,13.3970,59.2157,0,0.5512,8.3906,17.6798,12.8189,0
RTU-08,LS,T2,min_duration,0.0000,26,114,111,3,9.4350,7.6404,1.7946,8.2410,214.2656,9.6773,58.8642,0,0.5512,8.3906,12.4476,66.1450,0
RTU-08,LPT,T2,min_duration,0.0000,26,114,110,4,9.5866,7.5974,1.9892,8.1584,212.1195,9.5659,58.2746,0,0.5512,8.3906,14.2545,64.6474,0
RTU-09,LS,T2,earliest,0.0000,21,120,116,4,10.7529,9.1803,1.5727,10.0071,210.1484,13.2265,71.4790,0,0.6531,9.9497,8.0732,11.0503,0
RTU-09,LPT,T2,earliest,0.0000,21,120,108,12,10.9271,7.6262,3.3008,9.3697,196.7629,13.8674,66.9262,0,0.6531,9.9497,9.8232,9.7800,0
RTU-09,LS,T2,min_duration,0.0000,21,120,115,5,10.4758,8.7972,1.6785,9.6463,202.5729,10.0940,68.9023,0,0.6531,9.9497,5.2874,35.3188,0
RTU-09,LPT,T2,min_duration,0.0000,21,120,103,17,10.3830,7.1462,3.2368,8.6684,182.0374,10.4596,61.9175,0,0.6531,9.9497,4.3554,41.3004,0
RTU-10,LS,T2,earliest,0.0000,16,103,102,1,10.2331,9.0811,1.1520,9.5414,152.6618,13.3852,68.1526,0,0.6070,9.2619,10.4856,8.7742,0
RTU-10,LPT,T2,earliest,0.0000,16,103,97,6,10.2739,8.8555,1.4184,9.0496,144.7937,13.0847,64.6400,0,0.6070,9.2619,10.9265,6.8933,0
RTU-10,LS,T2,min_duration,0.0000,16,103,102,1,9.9785,8.7655,1.2130,9.2462,147.9392,9.8776,66.0443,0,0.6070,9.2619,7.7366,32.3847,0
RTU-10,LPT,T2,min_duration,0.0000,16,103,95,8,10.1361,7.4094,2.7267,8.6271,138.0328,10.0740,61.6218,0,0.6070,9.2619,9.4385,30.5369,0
RTU-11A,LS,T2,earliest,0.0000,21,103,103,0,7.0075,5.9435,1.0640,6.7465,141.6769,13.6780,48.1894,0,0.4239,6.4694,8.3179,11.3206,0
RTU-11A,LPT,T2,earliest,0.0000,21,103,103,0,6.8898,5.7997,1.0901,6.7132,140.9767,13.1162,47.9513,0,0.4239,6.4694,6.4988,8.8667,0
RTU-11A,LS,T2,min_duration,0.0000,21,103,103,0,6.7875,5.8401,0.9474,6.4901,136.2912,9.3567,46.3576,0,0.4239,6.4694,4.9173,56.2315,0
RTU-11A,LPT,T2,min_duration,0.0000,21,103,103,0,6.7141,5.3485,1.3656,6.4929,136.3505,9.4043,46.3777,0,0.4239,6.4694,3.7828,53.3815,0
RTU-11B,LS,T2,earliest,0.0000,22,103,103,0,6.7953,5.7098,1.0854,6.4333,141.5334,13.5628,45.9524,0,0.4046,6.1753,10.0393,12.2496,0
RTU-11B,LPT,T2,earliest,0.0000,22,103,103,0,6.8347,5.6474,1.1873,6.4102,141.0245,13.1546,45.7872,0,0.4046,6.1753,10.6773,9.5569,0
RTU-11B,LS,T2,min_duration,0.0000,22,103,103,0,6.7160,5.6611,1.0549,6.2009,136.4209,9.4607,44.2925,0,0.4046,6.1753,8.7558,61.9160,0
RTU-11B,LPT,T2,min_duration,0.0000,22,103,103,0,6.6973,5.3108,1.3864,6.1931,136.2484,9.3223,44.2365,0,0.4046,6.1753,8.4519,57.1275,0
RTU-12,LS,T2,earliest,0.0000,39,150,146,4,8.5610,6.7453,1.8157,8.0648,314.5286,13.3845,57.6060,0,0.5220,7.9413,7.8041,23.5624,0
RTU-12,LPT,T2,earliest,0.0000,39,150,145,5,8.7940,6.3933,2.4006,7.9739,310.9838,12.8798,56.9567,0,0.5220,7.9413,10.7372,15.5192,0
RTU-12,LS,T2,min_duration,0.0000,39,150,146,4,8.3367,6.6226,1.7141,7.8202,304.9892,9.9456,55.8588,0,0.5220,7.9413,4.9786,116.5598,0
RTU-12,LPT,T2,min_duration,0.0000,39,150,145,5,10.1752,6.2587,3.9165,7.7336,301.6119,9.4780,55.2403,0,0.5220,7.9413,28.1299,125.1517,0
RTU-13,LS,T2,earliest,0.0000,37,144,133,11,10.3998,7.8498,2.5500,9.4851,350.9472,13.2489,67.7504,0,0.6477,9.8627,5.4460,14.5073,0
RTU-13,LPT,T2,earliest,0.0000,37,144,118,26,10.8221,5.5141,5.3080,8.4959,314.3499,14.3340,60.6853,0,0.6477,9.8627,9.7276,13.6269,0
RTU-13,LS,T2,min_duration,0.0000,37,144,132,12,10.2616,7.8019,2.4597,9.2090,340.7342,10.7863,65.7788,0,0.6477,9.8627,4.0450,89.3182,0
RTU-13,LPT,T2,min_duration,0.0000,37,144,120,24,10.4563,5.4619,4.9944,8.3988,310.7562,11.1431,59.9915,0,0.6477,9.8627,6.0187,106.3944,0
RTU-14,LS,T2,earliest,0.0000,37,108,108,0,7.0742,4.7480,2.3262,6.6540,246.1975,13.4133,47.5285,0,0.4191,6.3737,10.9900,18.0603,0
RTU-14,LPT,T2,earliest,0.0000,37,108,108,0,8.7880,4.6888,4.0992,6.6117,244.6343,12.6931,47.2267,0,0.4191,6.3737,37.8792,13.6222,0
RTU-14,LS,T2,min_duration,0.0000,37,108,108,0,6.9043,4.5908,2.3135,6.4489,238.6085,9.9173,46.0634,0,0.4191,6.3737,8.3254,111.8628,0
RTU-14,LPT,T2,min_duration,0.0000,37,108,108,0,8.6721,4.6032,4.0689,6.4046,236.9709,9.1629,45.7473,0,0.4191,6.3737,36.0601,108.0863,0
RTU-15,LS,T2,earliest,0.0000,30,127,122,5,10.3556,8.5176,1.8379,8.8924,266.7730,13.2987,63.5174,0,0.5836,8.8772,16.6535,14.8571,0
RTU-15,LPT,T2,earliest,0.0000,30,127,116,11,8.9793,6.5917,2.3876,8.4836,254.5090,13.6810,60.5974,0,0.5836,8.8772,1.1498,13.9787,0
RTU-15,LS,T2,min_duration,0.0000,30,127,120,7,8.6772,8.2131,0.4640,8.4832,254.4959,9.8860,60.5943,0,0.5836,8.8772,-2.2533,69.3566,0
RTU-15,LPT,T2,min_duration,0.0000,30,127,117,10,10.4441,6.5550,3.8892,8.2759,248.2781,9.9500,59.1138,0,0.5836,8.8772,17.6512,81.3841,0
RTU-16,LS,T2,earliest,0.0000,40,150,145,5,8.8238,6.8821,1.9417,8.1360,325.4411,13.3546,58.1145,0,0.5304,8.0669,9.3826,24.1836,0
RTU-16,LPT,T2,earliest,0.0000,40,150,140,10,9.1265,6.5311,2.5954,7.8356,313.4256,13.0684,55.9689,0,0.5304,8.0669,13.1352,20.0522,0
RTU-16,LS,T2,min_duration,0.0000,40,150,144,6,8.5815,6.8577,1.7238,7.8519,314.0774,10.1562,56.0853,0,0.5304,8.0669,6.3796,135.8582,0
RTU-16,LPT,T2,min_duration,0.0000,40,150,144,6,8.8110,4.7047,4.1064,7.8142,312.5697,9.6274,55.8160,0,0.5304,8.0669,9.2249,131.2760,0
RTU-17,LS,T2,earliest,0.0000,28,127,124,3,9.7794,8.1643,1.6151,8.8535,247.8984,13.5898,63.2394,0,0.5702,8.6807,12.6576,14.2544,0
RTU-17,LPT,T2,earliest,0.0000,28,127,120,7,9.9381,7.9658,1.9724,8.5551,239.5440,13.4205,61.1082,0,0.5702,8.6807,14.4861,11.9311,0
RTU-17,LS,T2,min_duration,0.0000,28,127,124,3,9.5167,7.8216,1.6951,8.5773,240.1643,10.0460,61.2664,0,0.5702,8.6807,9.6307,72.0241,0
RTU-17,LPT,T2,min_duration,0.0000,28,127,118,9,9.6628,7.6352,2.0276,8.1468,228.1117,9.8381,58.1918,0,0.5702,8.6807,11.3139,77.9867,0
RTU-18,LS,T2,earliest,0.0000,35,166,161,5,9.5761,7.9819,1.5943,8.8889,311.1117,13.6689,63.4922,0,0.5759,8.7678,9.2197,28.9058,0
RTU-18,LPT,T2,earliest,0.0000,35,166,158,8,9.7203,7.5944,2.1259,8.6897,304.1402,13.2316,62.0694,0,0.5759,8.7678,10.8647,22.4203,0
RTU-18,LS,T2,min_duration,0.0000,35,166,161,5,9.3473,7.7505,1.5968,8.6108,301.3764,10.1119,61.5054,0,0.5759,8.7678,6.6096,99.1386,0
RTU-18,LPT,T2,min_duration,0.0000,35,166,151,15,9.3424,7.3786,1.9638,8.0658,282.3038,9.9742,57.6130,0,0.5759,8.7678,6.5540,112.9182,0
RTU-19,LS,T2,earliest,0.0000,34,144,130,14,10.5272,8.2361,2.2912,9.9812,339.3600,13.0070,71.2941,0,0.6988,10.6407,-1.0666,17.3233,0
RTU-19,LPT,T2,earliest,0.0000,34,144,113,31,10.7415,5.5501,5.1913,8.8028,299.2955,14.6594,62.8772,0,0.6988,10.6407,0.9464,15.7215,0
RTU-19,LS,T2,min_duration,0.0000,34,144,128,16,10.2821,7.8033,2.4789,9.6306,327.4391,10.7410,68.7897,0,0.6988,10.6407,-3.3700,64.0208,0
RTU-19,LPT,T2,min_duration,0.0000,34,144,115,29,10.3553,5.4643,4.8910,8.7125,296.2235,11.5089,62.2318,0,0.6988,10.6407,-2.6822,94.9804,0
RTU-20,LS,T2,earliest,0.0000,31,154,150,4,8.7785,7.3878,1.3907,8.4453,261.8051,13.3355,60.3238,0,0.5465,8.3287,5.4003,23.9725,0
RTU-20,LPT,T2,earliest,0.0000,31,154,148,6,8.8648,7.1520,1.7128,8.3379,258.4735,13.4054,59.5561,0,0.5465,8.3287,6.4362,19.0328,0
RTU-20,LS,T2,min_duration,0.0000,31,154,150,4,8.6637,7.2845,1.3793,8.1937,254.0032,9.9581,58.5261,0,0.5465,8.3287,4.0226,94.7071,0
RTU-20,LPT,T2,min_duration,0.0000,31,154,151,3,9.9444,6.9093,3.0351,8.2012,254.2364,9.3302,58.5798,0,0.5465,8.3287,19.3996,106.8190,0
RTU-21,LS,T2,earliest,0.0000,26,166,166,0,10.0100,8.8862,1.1238,9.3456,242.9857,13.4705,66.7543,0,0.5883,8.9771,11.5052,26.1352,0
RTU-21,LPT,T2,earliest,0.0000,26,166,160,6,10.1622,8.5636,1.5986,8.9835,233.5715,13.1645,64.1680,0,0.5883,8.9771,13.2009,17.8568,0
RTU-21,LS,T2,min_duration,0.0000,26,166,166,0,9.7784,8.4897,1.2887,9.0457,235.1885,9.8293,64.6122,0,0.5883,8.9771,8.9258,84.8754,0
RTU-21,LPT,T2,min_duration,0.0000,26,166,157,9,9.9523,7.1474,2.8049,8.5664,222.7269,9.9723,61.1887,0,0.5883,8.9771,10.8633,83.9008,0
RTU-22,LS,T2,earliest,0.0000,19,127,90,37,12.2120,9.6024,2.6096,11.4827,218.1714,13.8087,82.0193,0,1.0170,15.4774,-21.0976,7.4742,0
RTU-22,LPT,T2,earliest,0.0000,19,127,75,52,12.1047,7.6831,4.4216,9.7586,185.4131,16.0646,69.7042,0,1.0170,15.4774,-21.7910,8.0338,0
RTU-22,LS,T2,min_duration,0.0000,19,127,87,40,12.1675,9.5251,2.6424,10.9431,207.9194,12.2009,78.1652,0,1.0170,15.4774,-21.3852,17.7066,0
RTU-22,LPT,T2,min_duration,0.0000,19,127,78,49,12.0478,9.5216,2.5262,9.9510,189.0691,13.8011,71.0786,0,1.0170,15.4774,-22.1588,28.3275,0
RTU-23,LS,T2,earliest,0.0000,37,166,161,5,10.3593,8.5241,1.8352,9.2285,341.4562,13.4142,65.9182,0,0.5993,9.1175,13.6198,25.2887,0
RTU-23,LPT,T2,earliest,0.0000,37,166,147,19,10.4929,6.6849,3.8081,8.4533,312.7727,13.7810,60.3808,0,0.5993,9.1175,15.0858,22.2400,0
RTU-23,LS,T2,min_duration,0.0000,37,166,159,7,10.0703,8.1301,1.9402,8.8366,326.9537,9.9632,63.1185,0,0.5993,9.1175,10.4505,102.5512,0
RTU-23,LPT,T2,min_duration,0.0000,37,166,147,19,9.9453,6.4291,3.5162,8.1706,302.3125,9.9758,58.3615,0,0.5993,9.1175,9.0796,123.3969,0
RTU-24,LS,T2,earliest,0.0000,35,117,110,7,10.7031,8.0100,2.6931,8.7170,305.0933,13.2072,62.2639,0,0.5850,8.9123,20.0938,15.4426,0
RTU-24,LPT,T2,earliest,0.0000,35,117,95,22,10.9013,5.6883,5.2129,7.5992,265.9714,14.2734,54.2799,0,0.5850,8.9123,22.3179,14.6103,0
RTU-24,LS,T2,min_duration,0.0000,35,117,110,7,10.5386,7.9531,2.5855,8.5232,298.3117,10.6908,60.8799,0,0.5850,8.9123,18.2486,69.6188,0
RTU-24,LPT,T2,min_duration,0.0000,35,117,98,19,10.6372,5.6242,5.0131,7.5987,265.9555,10.7686,54.2766,0,0.5850,8.9123,19.3553,77.1154,0
RTU-25,LS,T2,earliest,0.0000,27,127,124,3,9.3245,7.7583,1.5662,8.6494,233.5347,13.4545,61.7817,0,0.5577,8.4961,9.7509,14.8685,0
RTU-25,LPT,T2,earliest,0.0000,27,127,122,5,9.4549,7.5320,1.9229,8.4945,229.3502,13.2482,60.6747,0,0.5577,8.4961,11.2861,12.3139,0
RTU-25,LS,T2,min_duration,0.0000,27,127,123,4,9.1119,7.4896,1.6223,8.3117,224.4151,9.9104,59.3691,0,0.5577,8.4961,7.2484,65.9265,0
RTU-25,LPT,T2,min_duration,0.0000,27,127,117,10,9.0961,7.1879,1.9083,7.8987,213.2654,9.8061,56.4194,0,0.5577,8.4961,7.0630,70.0083,0
RTU-26,LS,T2,earliest,0.0000,33,154,145,9,11.0225,8.8548,2.1677,9.8087,323.6880,13.3163,70.0623,0,0.6567,9.9882,10.3554,20.0130,0
RTU-26,LPT,T2,earliest,0.0000,33,154,131,23,11.1273,6.8253,4.3020,8.9223,294.4360,14.0915,63.7307,0,0.6567,9.9882,11.4046,17.3986,0
RTU-26,LS,T2,min_duration,0.0000,33,154,143,11,10.7254,8.5954,2.1300,9.4022,310.2725,10.1390,67.1586,0,0.6567,9.9882,7.3813,81.0207,0
RTU-26,LPT,T2,min_duration,0.0000,33,154,130,24,10.7459,6.7818,3.9641,8.5799,283.1364,10.5570,61.2849,0,0.6567,9.9882,7.5867,96.8063,0
RTU-27,LS,T2,earliest,0.0000,26,166,164,2,11.0142,9.7404,1.2738,10.1663,264.3245,13.5025,72.6166,0,0.6476,9.8749,11.5369,21.9795,0
RTU-27,LPT,T2,earliest,0.0000,26,166,154,12,9.8652,8.2954,1.5698,9.5166,247.4310,13.1475,67.9756,0,0.6476,9.8749,-0.0989,16.9337,0
RTU-27,LS,T2,min_duration,0.0000,26,166,162,4,10.7072,9.2846,1.4226,9.7432,253.3235,10.1215,69.5944,0,0.6476,9.8749,8.4287,65.4380,0
RTU-27,LPT,T2,min_duration,0.0000,26,166,151,15,10.6944,7.8734,2.8210,9.0875,236.2758,10.1930,64.9109,0,0.6476,9.8749,8.2985,68.4437,0
RTU-28,LS,T2,earliest,0.0000,31,145,134,11,11.4874,9.2825,2.2049,10.1091,313.3830,12.9797,72.2081,0,0.6916,10.5231,9.1633,16.3353,0
RTU-28,LPT,T2,earliest,0.0000,31,145,117,28,11.5936,7.1381,4.4556,8.9353,276.9955,14.3712,63.8238,0,0.6916,10.5231,10.1729,14.6035,0
RTU-28,LS,T2,min_duration,0.0000,31,145,131,14,11.2366,9.0220,2.2146,9.6528,299.2356,10.3498,68.9483,0,0.6916,10.5231,6.7806,59.1369,0
RTU-28,LPT,T2,min_duration,0.0000,31,145,118,27,9.2906,7.0804,2.2102,8.7279,270.5637,10.7687,62.3419,0,0.6916,10.5231,-11.7122,80.8448,0
RTU-29,LS,T2,earliest,0.0000,30,139,125,14,12.0891,9.5564,2.5327,10.2782,308.3464,13.1547,73.4158,0,0.7215,10.9806,10.0950,14.5393,0
RTU-29,LPT,T2,earliest,0.0000,30,139,111,28,10.1252,5.4447,4.6805,9.2347,277.0423,14.4898,65.9625,0,0.7215,10.9806,-7.7905,13.3422,0
RTU-29,LS,T2,min_duration,0.0000,30,139,124,15,11.8278,9.2591,2.5687,9.9686,299.0587,10.6314,71.2045,0,0.7215,10.9806,7.7151,50.4198,0
RTU-29,LPT,T2,min_duration,0.0000,30,139,113,26,9.8723,7.3674,2.5048,9.1167,273.5025,11.0264,65.1196,0,0.7215,10.9806,-10.0936,69.6478,0
