trafico,politica,algoritmo,rutas,vueltas,no_asignadas,rutas_completas,Lmax_medio_h,gap_medio_pct,desbalance_medio_h,sobrecosto_trafico_pct,tiempo_total_ms,violaciones
T0,earliest,LPT,37,5017,95,18,9.226,10.312,1.919,-0.000,588.030,0
T0,earliest,LS,37,5017,95,18,9.226,10.312,1.919,-0.000,593.204,0
T0,min_duration,LPT,37,5017,95,18,9.226,10.312,1.919,-0.000,1651.480,0
T0,min_duration,LS,37,5017,95,18,9.226,10.312,1.919,-0.000,1653.637,0
T1,earliest,LPT,37,5017,331,10,9.221,19.939,2.612,0.800,566.221,0
T1,earliest,LS,37,5017,167,8,9.045,13.660,1.677,0.799,674.081,0
T1,min_duration,LPT,37,5017,373,6,9.125,19.884,2.796,-2.243,3325.252,0
T1,min_duration,LS,37,5017,190,7,8.778,10.964,1.671,-2.219,3164.375,0
T2,earliest,LPT,37,5017,603,4,10.081,24.055,3.472,13.722,552.477,0
T2,earliest,LS,37,5017,280,4,9.970,14.493,1.941,13.335,637.286,0
T2,min_duration,LPT,37,5017,605,4,9.794,20.433,3.416,10.383,3197.262,0
T2,min_duration,LS,37,5017,323,4,9.712,12.536,1.964,10.307,2741.680,0
