n,seed,trafico,algoritmo,no_asignados,Lmax_min,tiempo_ms,estado,gap_vs_cpsat_pct,mas_no_asignados_que_cpsat
8,0,T0,LS,0,363.330,0.288,,11.144,0
8,0,T0,LPT,1,363.330,0.123,,,1
8,0,T0,BnB,0,326.900,1.763,,0.000,0
8,0,T0,CP-SAT,0,326.900,17.979,OPTIMAL,0.000,0
8,0,T2,LS,0,366.093,0.167,,3.906,0
8,0,T2,LPT,0,388.052,0.131,,10.138,0
8,0,T2,BnB,0,366.093,1.834,,3.906,0
8,0,T2,CP-SAT,0,352.331,195.824,OPTIMAL,0.000,0
8,1,T0,LS,1,290.280,0.106,,4.745,0
8,1,T0,LPT,1,299.500,0.086,,8.072,0
8,1,T0,BnB,1,277.130,3.225,,0.000,0
8,1,T0,CP-SAT,1,277.130,16.850,OPTIMAL,0.000,0
8,1,T2,LS,1,305.637,0.142,,5.952,0
8,1,T2,LPT,1,312.458,0.120,,8.317,0
8,1,T2,BnB,1,288.384,4.189,,-0.029,0
8,1,T2,CP-SAT,1,288.467,225.531,OPTIMAL,0.000,0
8,2,T0,LS,2,314.310,0.099,,44.437,0
8,2,T0,LPT,2,259.530,0.089,,19.264,0
8,2,T0,BnB,2,217.610,2.731,,0.000,0
8,2,T0,CP-SAT,2,217.610,12.980,OPTIMAL,0.000,0
8,2,T2,LS,3,264.530,0.139,,,1
8,2,T2,LPT,3,231.012,0.101,,,1
8,2,T2,BnB,2,231.012,2.191,,-0.019,0
8,2,T2,CP-SAT,2,231.056,130.428,OPTIMAL,0.000,0
8,3,T0,LS,0,347.640,0.171,,6.354,0
8,3,T0,LPT,0,326.870,0.133,,0.000,0
8,3,T0,BnB,0,326.870,2.135,,0.000,0
8,3,T0,CP-SAT,0,326.870,13.213,OPTIMAL,0.000,0
8,3,T2,LS,0,391.409,0.111,,7.112,0
8,3,T2,LPT,3,252.101,0.087,,,3
8,3,T2,BnB,0,371.497,1.157,,1.663,0
8,3,T2,CP-SAT,0,365.422,158.656,OPTIMAL,0.000,0
8,4,T0,LS,1,300.350,0.174,,7.256,0
8,4,T0,LPT,1,300.350,0.170,,7.256,0
8,4,T0,BnB,1,280.030,4.737,,0.000,0
8,4,T0,CP-SAT,1,280.030,11.618,OPTIMAL,0.000,0
8,4,T2,LS,1,336.951,0.141,,14.066,0
8,4,T2,LPT,1,336.951,0.118,,14.066,0
8,4,T2,BnB,1,313.631,5.099,,6.172,0
8,4,T2,CP-SAT,1,295.400,221.422,OPTIMAL,0.000,0
8,5,T0,LS,0,360.210,0.129,,10.190,0
8,5,T0,LPT,1,319.240,0.107,,,1
8,5,T0,BnB,0,326.900,1.077,,0.000,0
8,5,T0,CP-SAT,0,326.900,15.225,OPTIMAL,0.000,0
8,5,T2,LS,2,310.691,0.144,,18.706,0
8,5,T2,LPT,2,293.212,0.112,,12.028,0
8,5,T2,BnB,2,267.963,5.695,,2.381,0
8,5,T2,CP-SAT,2,261.732,143.405,OPTIMAL,0.000,0
8,6,T0,LS,1,300.520,0.124,,,1
8,6,T0,LPT,0,326.540,0.153,,2.396,0
8,6,T0,BnB,0,318.900,2.379,,0.000,0
8,6,T0,CP-SAT,0,318.900,23.366,OPTIMAL,0.000,0
8,6,T2,LS,1,341.721,0.150,,,1
8,6,T2,LPT,1,407.883,0.103,,,1
8,6,T2,BnB,0,379.059,2.300,,-0.017,0
8,6,T2,CP-SAT,0,379.123,126.562,OPTIMAL,0.000,0
8,7,T0,LS,1,279.410,0.144,,0.000,0
8,7,T0,LPT,1,310.620,0.104,,11.170,0
8,7,T0,BnB,1,279.410,3.439,,0.000,0
8,7,T0,CP-SAT,1,279.410,14.071,OPTIMAL,0.000,0
8,7,T2,LS,1,334.210,0.137,,5.436,0
8,7,T2,LPT,1,351.322,0.113,,10.835,0
8,7,T2,BnB,1,323.902,4.048,,2.184,0
8,7,T2,CP-SAT,1,316.979,168.361,OPTIMAL,0.000,0
8,8,T0,LS,2,244.620,0.114,,,1
8,8,T0,LPT,2,240.600,0.083,,,1
8,8,T0,BnB,1,294.520,1.145,,-0.000,0
8,8,T0,CP-SAT,1,294.520,9.162,OPTIMAL,0.000,0
8,8,T2,LS,2,276.063,0.118,,13.183,0
8,8,T2,LPT,2,268.161,0.094,,9.943,0
8,8,T2,BnB,2,252.234,1.932,,3.413,0
8,8,T2,CP-SAT,2,243.909,113.734,OPTIMAL,0.000,0
8,9,T0,LS,0,323.360,0.138,,-0.019,0
8,9,T0,LPT,0,332.640,0.153,,2.851,0
8,9,T0,BnB,0,323.360,2.254,,-0.019,0
8,9,T0,CP-SAT,0,323.420,20.020,OPTIMAL,0.000,0
8,9,T2,LS,0,349.535,0.178,,5.395,0
8,9,T2,LPT,0,343.734,0.160,,3.646,0
8,9,T2,BnB,0,342.641,2.654,,3.317,0
8,9,T2,CP-SAT,0,331.641,244.191,OPTIMAL,0.000,0
8,10,T0,LS,0,390.630,0.134,,18.308,0
8,10,T0,LPT,0,343.910,0.148,,4.158,0
8,10,T0,BnB,0,330.180,2.825,,0.000,0
8,10,T0,CP-SAT,0,330.180,27.861,OPTIMAL,0.000,0
8,10,T2,LS,0,437.803,0.194,,23.793,0
8,10,T2,LPT,0,487.525,0.122,,37.852,0
8,10,T2,BnB,0,361.218,3.011,,2.138,0
8,10,T2,CP-SAT,0,353.658,216.693,OPTIMAL,0.000,0
8,11,T0,LS,1,278.460,0.120,,2.844,0
8,11,T0,LPT,1,303.780,0.097,,12.195,0
8,11,T0,BnB,1,270.760,2.773,,0.000,0
8,11,T0,CP-SAT,1,270.760,20.023,OPTIMAL,0.000,0
8,11,T2,LS,2,255.070,0.117,,27.670,0
8,11,T2,LPT,2,318.923,0.085,,59.631,0
8,11,T2,BnB,2,206.369,2.922,,3.294,0
8,11,T2,CP-SAT,2,199.788,172.858,OPTIMAL,0.000,0
8,12,T0,LS,1,325.840,0.215,,,1
8,12,T0,LPT,1,333.480,0.118,,,1
8,12,T0,BnB,0,331.760,2.103,,0.000,0
8,12,T0,CP-SAT,0,331.760,15.052,OPTIMAL,0.000,0
8,12,T2,LS,0,394.405,0.152,,9.244,0
8,12,T2,LPT,1,435.258,0.114,,,1
8,12,T2,BnB,0,367.033,1.895,,1.662,0
8,12,T2,CP-SAT,0,361.031,174.650,OPTIMAL,0.000,0
8,13,T0,LS,0,328.190,0.165,,1.730,0
8,13,T0,LPT,0,322.610,0.105,,0.000,0
8,13,T0,BnB,0,316.900,2.570,,-1.770,0
8,13,T0,CP-SAT,0,322.610,27.687,OPTIMAL,0.000,0
8,13,T2,LS,0,386.209,0.118,,3.915,0
8,13,T2,LPT,1,346.836,1.059,,,1
8,13,T2,BnB,0,371.590,3.212,,-0.019,0
8,13,T2,CP-SAT,0,371.661,113.088,OPTIMAL,0.000,0
8,14,T0,LS,0,308.900,0.149,,0.289,0
8,14,T0,LPT,1,290.220,0.110,,,1
8,14,T0,BnB,0,308.010,3.476,,0.000,0
8,14,T0,CP-SAT,0,308.010,26.501,OPTIMAL,0.000,0
8,14,T2,LS,0,344.435,0.201,,4.733,0
8,14,T2,LPT,0,344.435,0.157,,4.733,0
8,14,T2,BnB,0,342.520,3.344,,4.150,0
8,14,T2,CP-SAT,0,328.871,195.069,OPTIMAL,0.000,0
10,0,T0,LS,1,428.450,0.147,,29.406,0
10,0,T0,LPT,1,363.590,0.185,,9.816,0
10,0,T0,BnB,1,331.090,6.296,,-0.000,0
10,0,T0,CP-SAT,1,331.090,32.474,OPTIMAL,0.000,0
10,0,T2,LS,1,501.906,0.246,,34.944,0
10,0,T2,LPT,1,521.018,0.243,,40.083,0
10,0,T2,BnB,1,381.935,7.864,,2.689,0
10,0,T2,CP-SAT,1,371.935,283.582,OPTIMAL,0.000,0
10,1,T0,LS,0,426.520,0.196,,2.452,0
10,1,T0,LPT,2,348.680,0.230,,,2
10,1,T0,BnB,0,416.310,3.192,,-0.000,0
10,1,T0,CP-SAT,0,416.310,20.327,OPTIMAL,0.000,0
10,1,T2,LS,1,408.889,0.198,,5.054,0
10,1,T2,LPT,3,406.879,1.046,,,2
10,1,T2,BnB,1,391.994,5.859,,0.713,0
10,1,T2,CP-SAT,1,389.218,206.801,OPTIMAL,0.000,0
10,2,T0,LS,0,406.260,0.171,,4.793,0
10,2,T0,LPT,1,472.890,0.133,,,1
10,2,T0,BnB,0,387.680,7.507,,0.000,0
10,2,T0,CP-SAT,0,387.680,19.158,OPTIMAL,0.000,0
10,2,T2,LS,0,459.253,0.266,,9.028,0
10,2,T2,LPT,1,527.762,0.148,,,1
10,2,T2,BnB,0,430.857,6.412,,2.287,0
10,2,T2,CP-SAT,0,421.224,244.643,OPTIMAL,0.000,0
10,3,T0,LS,1,354.100,0.145,,9.226,0
10,3,T0,LPT,2,431.110,0.159,,,1
10,3,T0,BnB,1,324.190,9.182,,0.000,0
10,3,T0,CP-SAT,1,324.190,34.126,OPTIMAL,0.000,0
10,3,T2,LS,1,402.392,0.161,,8.944,0
10,3,T2,LPT,2,480.483,0.137,,,1
10,3,T2,BnB,1,379.659,5.121,,2.789,0
10,3,T2,CP-SAT,1,369.357,177.105,OPTIMAL,0.000,0
10,4,T0,LS,0,430.810,0.256,,8.925,0
10,4,T0,LPT,1,341.590,0.184,,,1
10,4,T0,BnB,0,395.510,6.626,,-0.000,0
10,4,T0,CP-SAT,0,395.510,28.905,OPTIMAL,0.000,0
10,4,T2,LS,1,450.353,0.210,,,1
10,4,T2,LPT,2,378.183,0.120,,,2
10,4,T2,BnB,0,427.925,4.071,,2.219,0
10,4,T2,CP-SAT,0,418.633,263.849,OPTIMAL,0.000,0
10,5,T0,LS,2,356.070,0.145,,6.841,0
10,5,T0,LPT,3,317.850,0.122,,,1
10,5,T0,BnB,2,333.270,5.166,,0.000,0
10,5,T0,CP-SAT,2,333.270,15.300,OPTIMAL,0.000,0
10,5,T2,LS,2,387.739,0.166,,3.541,0
10,5,T2,LPT,4,292.311,0.134,,,2
10,5,T2,BnB,2,377.598,5.845,,0.833,0
10,5,T2,CP-SAT,2,374.478,263.401,OPTIMAL,0.000,0
10,6,T0,LS,0,364.680,0.165,,1.210,0
10,6,T0,LPT,0,401.650,0.131,,11.470,0
10,6,T0,BnB,0,360.320,4.655,,0.000,0
10,6,T0,CP-SAT,0,360.320,19.331,OPTIMAL,0.000,0
10,6,T2,LS,0,431.852,0.184,,4.679,0
10,6,T2,LPT,0,443.926,0.154,,7.605,0
10,6,T2,BnB,0,416.442,5.802,,0.943,0
10,6,T2,CP-SAT,0,412.550,257.161,OPTIMAL,0.000,0
10,7,T0,LS,0,418.740,0.164,,6.811,0
10,7,T0,LPT,1,423.670,0.113,,,1
10,7,T0,BnB,0,392.040,2.428,,0.000,0
10,7,T0,CP-SAT,0,392.040,25.527,OPTIMAL,0.000,0
10,7,T2,LS,1,414.540,0.158,,8.442,0
10,7,T2,LPT,3,414.540,0.139,,,2
10,7,T2,BnB,1,391.730,6.359,,2.475,0
10,7,T2,CP-SAT,1,382.268,235.164,OPTIMAL,0.000,0
10,8,T0,LS,1,353.710,0.185,,8.597,0
10,8,T0,LPT,1,440.760,0.163,,35.323,0
10,8,T0,BnB,1,325.710,11.182,,0.000,0
10,8,T0,CP-SAT,1,325.710,52.618,OPTIMAL,0.000,0
10,8,T2,LS,1,411.970,0.239,,12.172,0
10,8,T2,LPT,2,407.366,0.155,,,1
10,8,T2,BnB,1,377.539,14.487,,2.797,0
10,8,T2,CP-SAT,1,367.265,372.278,OPTIMAL,0.000,0
10,9,T0,LS,0,405.490,0.178,,5.809,0
10,9,T0,LPT,1,419.900,0.147,,,1
10,9,T0,BnB,0,383.230,6.978,,0.000,0
10,9,T0,CP-SAT,0,383.230,36.598,OPTIMAL,0.000,0
10,9,T2,LS,0,456.284,0.198,,8.514,0
10,9,T2,LPT,0,460.795,0.200,,9.587,0
10,9,T2,BnB,0,433.937,6.077,,3.199,0
10,9,T2,CP-SAT,0,420.484,275.840,OPTIMAL,0.000,0
10,10,T0,LS,0,390.570,0.133,,0.468,0
10,10,T0,LPT,2,321.720,0.119,,,2
10,10,T0,BnB,0,388.750,1.506,,0.000,0
10,10,T0,CP-SAT,0,388.750,18.088,OPTIMAL,0.000,0
10,10,T2,LS,1,369.099,0.141,,,1
10,10,T2,LPT,2,461.500,0.157,,,2
10,10,T2,BnB,0,447.660,1.481,,3.667,0
10,10,T2,CP-SAT,0,431.826,256.380,OPTIMAL,0.000,0
10,11,T0,LS,1,344.210,0.157,,5.738,0
10,11,T0,LPT,1,331.810,0.126,,1.929,0
10,11,T0,BnB,1,325.530,12.310,,0.000,0
10,11,T0,CP-SAT,1,325.530,15.851,OPTIMAL,0.000,0
10,11,T2,LS,2,406.904,0.290,,,1
10,11,T2,LPT,2,421.469,0.172,,,1
10,11,T2,BnB,1,379.159,7.608,,1.671,0
10,11,T2,CP-SAT,1,372.928,205.736,OPTIMAL,0.000,0
10,12,T0,LS,2,329.220,0.196,,9.434,0
10,12,T0,LPT,3,311.150,0.125,,,1
10,12,T0,BnB,2,300.840,26.453,,0.000,0
10,12,T0,CP-SAT,2,300.840,32.485,OPTIMAL,0.000,0
10,12,T2,LS,2,376.136,0.138,,11.003,0
10,12,T2,LPT,3,392.677,0.112,,,1
10,12,T2,BnB,2,344.089,18.181,,1.545,0
10,12,T2,CP-SAT,2,338.853,203.907,OPTIMAL,0.000,0
10,13,T0,LS,2,316.590,0.136,,,1
10,13,T0,LPT,3,316.760,0.105,,,2
10,13,T0,BnB,1,327.470,3.471,,0.000,0
10,13,T0,CP-SAT,1,327.470,12.785,OPTIMAL,0.000,0
10,13,T2,LS,2,343.287,0.187,,,1
10,13,T2,LPT,3,349.431,0.160,,,2
10,13,T2,BnB,1,377.214,4.562,,0.870,0
10,13,T2,CP-SAT,1,373.962,237.283,OPTIMAL,0.000,0
10,14,T0,LS,1,357.700,0.122,,3.328,0
10,14,T0,LPT,1,360.990,0.115,,4.278,0
10,14,T0,BnB,1,346.180,1.058,,0.000,0
10,14,T0,CP-SAT,1,346.180,14.750,OPTIMAL,0.000,0
10,14,T2,LS,1,421.281,0.134,,3.138,0
10,14,T2,LPT,3,397.358,0.137,,,2
10,14,T2,BnB,1,414.107,1.627,,1.382,0
10,14,T2,CP-SAT,1,408.462,206.534,OPTIMAL,0.000,0
12,0,T0,LS,0,481.510,0.211,,10.097,0
12,0,T0,LPT,1,520.100,0.203,,,1
12,0,T0,BnB,0,437.350,4.909,,-0.000,0
12,0,T0,CP-SAT,0,437.350,37.446,OPTIMAL,0.000,0
12,0,T2,LS,1,516.330,0.207,,,1
12,0,T2,LPT,1,492.042,0.241,,,1
12,0,T2,BnB,0,489.256,13.879,,2.728,0
12,0,T2,CP-SAT,0,476.265,246.780,OPTIMAL,0.000,0
12,1,T0,LS,1,452.590,0.188,,10.342,0
12,1,T0,LPT,2,430.860,0.162,,,1
12,1,T0,BnB,1,410.170,20.516,,0.000,0
12,1,T0,CP-SAT,1,410.170,140.009,OPTIMAL,0.000,0
12,1,T2,LS,1,502.097,0.201,,9.077,0
12,1,T2,LPT,2,590.433,0.161,,,1
12,1,T2,BnB,1,467.135,3.899,,1.482,0
12,1,T2,CP-SAT,1,460.313,335.534,OPTIMAL,0.000,0
12,2,T0,LS,1,448.630,0.235,,2.701,0
12,2,T0,LPT,2,457.000,0.171,,,1
12,2,T0,BnB,1,433.770,86.706,,-0.701,0
12,2,T0,CP-SAT,1,436.830,125.632,OPTIMAL,0.000,0
12,2,T2,LS,1,516.561,0.229,,2.599,0
12,2,T2,LPT,3,529.514,0.177,,,2
12,2,T2,BnB,1,516.561,113.197,,2.599,0
12,2,T2,CP-SAT,1,503.478,481.951,OPTIMAL,0.000,0
12,3,T0,LS,2,461.140,0.187,,21.660,0
12,3,T0,LPT,3,437.280,0.153,,,1
12,3,T0,BnB,2,378.360,18.482,,-0.179,0
12,3,T0,CP-SAT,2,379.040,59.642,OPTIMAL,0.000,0
12,3,T2,LS,2,491.615,0.264,,18.574,0
12,3,T2,LPT,3,402.390,0.164,,,1
12,3,T2,BnB,2,430.514,16.842,,3.837,0
12,3,T2,CP-SAT,2,414.606,443.662,OPTIMAL,0.000,0
12,4,T0,LS,3,351.900,0.196,,,1
12,4,T0,LPT,5,364.490,0.209,,,3
12,4,T0,BnB,2,421.360,8.288,,0.000,0
12,4,T0,CP-SAT,2,421.360,26.345,OPTIMAL,0.000,0
12,4,T2,LS,4,386.681,0.169,,16.005,0
12,4,T2,LPT,5,406.508,0.161,,,1
12,4,T2,BnB,4,332.691,39.369,,-0.192,0
12,4,T2,CP-SAT,4,333.331,387.136,OPTIMAL,0.000,0
12,5,T0,LS,3,352.890,0.255,,,1
12,5,T0,LPT,3,434.140,0.192,,,1
12,5,T0,BnB,2,396.000,57.842,,0.000,0
12,5,T0,CP-SAT,2,396.000,66.002,OPTIMAL,0.000,0
12,5,T2,LS,3,399.345,0.260,,,1
12,5,T2,LPT,3,378.943,0.180,,,1
12,5,T2,BnB,2,447.994,29.164,,-0.247,0
12,5,T2,CP-SAT,2,449.105,421.526,OPTIMAL,0.000,0
12,6,T0,LS,1,403.220,0.214,,4.618,0
12,6,T0,LPT,2,389.800,0.221,,,1
12,6,T0,BnB,1,385.420,111.171,,0.000,0
12,6,T0,CP-SAT,1,385.420,105.527,OPTIMAL,0.000,0
12,6,T2,LS,1,482.033,0.237,,7.970,0
12,6,T2,LPT,4,387.037,0.212,,,3
12,6,T2,BnB,1,454.741,65.224,,1.856,0
12,6,T2,CP-SAT,1,446.453,421.989,OPTIMAL,0.000,0
12,7,T0,LS,3,434.680,0.181,,,1
12,7,T0,LPT,2,447.690,0.174,,14.009,0
12,7,T0,BnB,2,392.680,23.651,,0.000,0
12,7,T0,CP-SAT,2,392.680,83.378,OPTIMAL,0.000,0
12,7,T2,LS,2,492.259,0.242,,9.410,0
12,7,T2,LPT,3,389.002,0.179,,,1
12,7,T2,BnB,2,450.337,18.943,,0.093,0
12,7,T2,CP-SAT,2,449.920,405.109,OPTIMAL,0.000,0
12,8,T0,LS,2,395.000,0.237,,,1
12,8,T0,LPT,1,447.920,0.250,,7.407,0
12,8,T0,BnB,1,417.030,27.336,,0.000,0
12,8,T0,CP-SAT,1,417.030,44.882,OPTIMAL,0.000,0
12,8,T2,LS,2,457.813,0.251,,,1
12,8,T2,LPT,2,591.372,0.226,,,1
12,8,T2,BnB,1,476.969,29.365,,3.552,0
12,8,T2,CP-SAT,1,460.611,434.165,OPTIMAL,0.000,0
12,9,T0,LS,1,445.740,0.169,,3.861,0
12,9,T0,LPT,2,440.660,0.132,,,1
12,9,T0,BnB,1,429.170,14.447,,0.000,0
12,9,T0,CP-SAT,1,429.170,116.780,OPTIMAL,0.000,0
12,9,T2,LS,2,471.749,0.235,,,1
12,9,T2,LPT,2,489.999,0.173,,,1
12,9,T2,BnB,1,475.648,8.945,,2.486,0
12,9,T2,CP-SAT,1,464.110,379.377,OPTIMAL,0.000,0
12,10,T0,LS,1,434.530,0.210,,9.228,0
12,10,T0,LPT,1,418.530,0.232,,5.206,0
12,10,T0,BnB,1,397.820,148.563,,0.000,0
12,10,T0,CP-SAT,1,397.820,125.456,OPTIMAL,0.000,0
12,10,T2,LS,1,484.175,0.236,,12.585,0
12,10,T2,LPT,2,466.050,0.213,,,1
12,10,T2,BnB,1,440.807,165.592,,2.500,0
12,10,T2,CP-SAT,1,430.054,391.234,OPTIMAL,0.000,0
12,11,T0,LS,2,456.650,0.180,,3.829,0
12,11,T0,LPT,3,378.310,0.151,,,1
12,11,T0,BnB,2,439.810,219.954,,0.000,0
12,11,T0,CP-SAT,2,439.810,139.387,OPTIMAL,0.000,0
12,11,T2,LS,2,525.028,0.225,,4.820,0
12,11,T2,LPT,4,449.510,0.175,,,2
12,11,T2,BnB,2,507.046,230.441,,1.230,0
12,11,T2,CP-SAT,2,500.884,375.339,OPTIMAL,0.000,0
12,12,T0,LS,2,400.150,0.189,,,1
12,12,T0,LPT,1,453.940,0.158,,8.754,0
12,12,T0,BnB,1,417.400,54.713,,0.000,0
12,12,T0,CP-SAT,1,417.400,55.641,OPTIMAL,0.000,0
12,12,T2,LS,2,441.253,0.200,,,1
12,12,T2,LPT,2,488.989,0.158,,,1
12,12,T2,BnB,1,472.389,46.581,,0.023,0
12,12,T2,CP-SAT,1,472.282,304.050,OPTIMAL,0.000,0
12,13,T0,LS,0,499.790,0.181,,7.869,0
12,13,T0,LPT,3,445.560,0.150,,,3
12,13,T0,BnB,0,463.330,4.404,,0.000,0
12,13,T0,CP-SAT,0,463.330,26.545,OPTIMAL,0.000,0
12,13,T2,LS,1,543.853,0.170,,11.252,0
12,13,T2,LPT,3,419.065,0.151,,,2
12,13,T2,BnB,1,497.526,8.653,,1.775,0
12,13,T2,CP-SAT,1,488.849,428.767,OPTIMAL,0.000,0
12,14,T0,LS,0,442.330,0.198,,5.978,0
12,14,T0,LPT,1,418.990,0.209,,,1
12,14,T0,BnB,0,417.160,20.260,,-0.053,0
12,14,T0,CP-SAT,0,417.380,76.140,OPTIMAL,0.000,0
12,14,T2,LS,1,462.365,0.223,,,1
12,14,T2,LPT,2,476.618,0.149,,,2
12,14,T2,BnB,0,481.684,9.423,,3.523,0
12,14,T2,CP-SAT,0,465.290,394.481,OPTIMAL,0.000,0
