ruta,algoritmo,trafico,holgura,sigma,replicas,vueltas_fuera_ventana_pct,vueltas_fuera_ventana_pct_p95,retraso_medio_min,retraso_medio_min_p95,retraso_max_min,retraso_max_min_p95,buses_horas_extra_pct,buses_horas_extra_pct_p95,Lmax_real_h,Lmax_real_h_p95,no_asignados_plan
RTI-01,LS,T1,0.0000,0.1000,100,6.1456,10.6796,1.6302,2.5292,33.7867,53.7242,0.0286,0.0000,8.4778,8.9873,0
RTI-01,LS,T1,0.0000,0.2000,100,9.0485,13.5922,3.7389,5.9710,75.0754,118.6030,1.3714,5.7143,9.4583,10.5584,0
RTI-01,LS,T1,0.1000,0.1000,100,1.3800,4.0000,0.3872,0.8963,16.7434,32.4006,0.0000,0.0000,8.4047,8.8194,3
RTI-01,LS,T1,0.1000,0.2000,100,4.6300,9.0000,2.0972,4.1743,58.6130,98.3249,1.7143,5.7143,9.4306,10.5202,3
RTI-01,LPT,T1,0.0000,0.1000,100,1.5000,4.0000,1.0298,1.6006,28.3968,44.5604,0.0000,0.0000,10.1599,10.7867,3
RTI-01,LPT,T1,0.0000,0.2000,100,3.8600,7.0000,2.9113,5.0268,67.6174,109.6247,1.6286,5.7143,10.7829,12.3554,3
RTI-01,LPT,T1,0.1000,0.1000,100,0.2527,1.0989,0.1803,0.4796,11.3352,34.4480,0.0571,0.0000,9.5574,10.4032,12
RTI-01,LPT,T1,0.1000,0.2000,100,1.2637,3.2967,1.1894,2.5688,48.4252,109.6766,1.8571,5.7143,9.9185,11.4303,12
RTI-02,LS,T1,0.0000,0.1000,100,14.3796,19.4444,4.0609,5.9352,54.0783,98.0716,1.7407,7.4074,11.5925,12.1407,19
RTI-02,LS,T1,0.0000,0.2000,100,19.4630,25.9259,9.5823,15.2414,119.3176,208.2462,8.5185,18.5185,12.7202,13.9406,19
RTI-02,LS,T1,0.1000,0.1000,100,3.3400,6.0000,0.7212,1.3135,22.9786,43.5039,0.4815,3.7037,11.4093,12.0785,27
RTI-02,LS,T1,0.1000,0.2000,100,10.1300,15.0000,4.1912,6.9588,79.1871,141.0701,6.7778,11.1111,12.4942,13.7651,27
RTI-02,LPT,T1,0.0000,0.1000,100,1.8901,3.2967,1.0721,1.9678,30.4563,53.7675,0.8889,3.7037,11.4026,11.9675,36
RTI-02,LPT,T1,0.0000,0.2000,100,4.5055,7.6923,3.5028,6.4124,77.9719,135.6017,6.1481,14.8148,12.3649,13.6635,36
RTI-02,LPT,T1,0.1000,0.1000,100,0.3373,1.2048,0.1893,0.5866,10.9647,28.2277,0.1852,0.0000,11.3133,11.9445,44
RTI-02,LPT,T1,0.1000,0.2000,100,1.9518,4.8193,1.6550,3.4908,52.7973,107.3316,4.9259,11.1111,12.1781,13.5046,44
RTI-04,LS,T1,0.0000,0.1000,100,6.2958,9.1549,1.2757,2.0715,30.8352,49.7547,0.0476,0.0000,9.4845,9.9771,2
RTI-04,LS,T1,0.0000,0.2000,100,8.5704,11.9718,3.2041,5.3286,70.4690,112.1515,1.1667,4.7619,10.4305,11.3737,2
RTI-04,LS,T1,0.1000,0.1000,100,2.0286,3.5714,0.3377,0.7328,17.6037,31.5441,0.0000,0.0000,9.4146,9.9715,4
RTI-04,LS,T1,0.1000,0.2000,100,5.7071,9.2857,1.9601,3.5659,61.6635,96.2152,1.0476,2.3810,10.2855,11.4075,4
RTI-04,LPT,T1,0.0000,0.1000,100,2.2643,4.2857,1.2146,1.9345,30.5639,47.5064,0.2381,2.3810,9.7048,10.1259,4
RTI-04,LPT,T1,0.0000,0.2000,100,4.8786,7.8571,3.3166,5.1214,74.0930,124.0717,1.6905,4.7619,10.6039,11.4920,4
RTI-04,LPT,T1,0.1000,0.1000,100,0.5714,1.5038,0.2715,0.6505,15.9091,32.2338,0.2381,2.3810,9.5867,10.0509,11
RTI-04,LPT,T1,0.1000,0.2000,100,2.8421,6.0150,1.6583,3.0301,55.6911,101.6544,2.1905,7.1429,10.3034,11.4425,11
RTI-05,LS,T1,0.0000,0.1000,100,3.7584,6.0403,0.9209,1.5039,27.8129,45.0523,0.0000,0.0000,8.2216,8.7687,1
RTI-05,LS,T1,0.0000,0.2000,100,5.2886,7.3826,2.1223,3.4337,61.6649,101.8995,0.4091,2.2727,9.1156,10.2585,1
RTI-05,LS,T1,0.1000,0.1000,100,1.1611,2.6846,0.2343,0.5245,15.0556,29.8346,0.0000,0.0000,8.2237,8.6579,1
RTI-05,LS,T1,0.1000,0.2000,100,3.5839,6.0403,1.2144,2.2357,50.5616,90.8716,0.5000,2.2727,9.1243,10.2493,1
RTI-05,LPT,T1,0.0000,0.1000,100,1.3333,2.6667,0.8734,1.3928,27.5735,43.4358,0.0000,0.0000,8.5253,8.9591,0
RTI-05,LPT,T1,0.0000,0.2000,100,3.3533,5.3333,2.4671,3.7552,65.3865,104.2187,0.7045,2.2727,9.3820,10.4917,0
RTI-05,LPT,T1,0.1000,0.1000,100,0.4228,1.3423,0.2137,0.4143,13.5927,27.1957,0.0000,0.0000,8.5009,8.8454,1
RTI-05,LPT,T1,0.1000,0.2000,100,2.4362,4.0268,1.3928,2.5526,49.6314,84.3038,0.5227,2.2727,9.2576,10.2523,1
RTI-06,LS,T1,0.0000,0.1000,100,2.5532,4.9645,0.8283,1.3024,22.6660,34.3412,0.0000,0.0000,9.0963,9.5135,3
RTI-06,LS,T1,0.0000,0.2000,100,4.2695,7.0922,2.1223,3.4940,52.0707,79.9588,0.4062,3.1250,9.8519,10.6687,3
RTI-06,LS,T1,0.1000,0.1000,100,0.7429,2.1429,0.1951,0.4330,11.4939,21.5248,0.0000,0.0000,9.0956,9.5010,4
RTI-06,LS,T1,0.1000,0.2000,100,2.9143,5.0000,1.2617,2.3635,41.8860,65.4475,0.2812,3.1250,9.8691,10.7638,4
RTI-06,LPT,T1,0.0000,0.1000,100,2.4375,4.1667,1.1194,1.6439,25.1535,39.1300,0.0312,0.0000,9.2956,9.7420,0
RTI-06,LPT,T1,0.0000,0.2000,100,4.7153,7.6389,2.9709,4.5052,60.8686,104.9162,1.2500,3.1250,10.0911,10.9875,0
RTI-06,LPT,T1,0.1000,0.1000,100,0.8913,2.1739,0.1927,0.4521,12.4052,27.0110,0.0000,0.0000,9.2005,9.6148,6
RTI-06,LPT,T1,0.1000,0.2000,100,2.5000,5.0725,1.3071,2.3602,44.0330,83.4188,0.7812,3.1250,9.8578,10.9293,6
RTI-07,LS,T1,0.0000,0.1000,100,8.1691,11.7647,1.9001,2.9292,38.6858,61.8210,0.0513,0.0000,10.3404,10.8855,8
RTI-07,LS,T1,0.0000,0.2000,100,11.0956,16.1765,4.8738,7.8344,91.7635,163.0609,3.0513,7.6923,11.2985,12.2691,8
RTI-07,LS,T1,0.1000,0.1000,100,3.0519,5.1852,0.4885,0.9358,20.0969,38.2801,0.2308,2.5641,10.3579,10.7660,9
RTI-07,LS,T1,0.1000,0.2000,100,8.5037,11.8519,2.9830,4.8415,72.7177,115.3267,3.2308,7.6923,11.3116,12.1004,9
RTI-07,LPT,T1,0.0000,0.1000,100,2.8605,5.4264,1.3957,2.4473,32.8157,53.8456,0.1795,2.5641,10.5392,11.1943,15
RTI-07,LPT,T1,0.0000,0.2000,100,5.9380,9.3023,3.9042,6.3051,80.8975,138.7718,2.8974,7.6923,11.4258,12.6194,15
RTI-07,LPT,T1,0.1000,0.1000,100,0.8347,2.4793,0.3324,0.8808,17.6902,37.0260,0.1026,0.0000,10.3342,10.8909,23
RTI-07,LPT,T1,0.1000,0.2000,100,3.3140,6.6116,1.9497,3.9200,62.0658,120.1540,2.5385,7.6923,11.1785,12.3713,23
RTI-08,LS,T1,0.0000,0.1000,100,2.6262,5.6075,1.2857,2.3003,25.1937,44.8980,0.0000,0.0000,9.7435,10.2873,1
RTI-08,LS,T1,0.0000,0.2000,100,5.2617,9.3458,3.1116,5.7755,55.5599,97.1969,0.1000,0.0000,10.3614,11.3411,1
RTI-08,LS,T1,0.1000,0.1000,100,0.9245,2.8302,0.2377,0.7178,10.6027,24.6682,0.0000,0.0000,9.6642,10.1024,2
RTI-08,LS,T1,0.1000,0.2000,100,3.5849,7.5472,1.4829,3.4149,38.5552,75.5900,0.2000,0.0000,10.2318,11.1879,2
RTI-08,LPT,T1,0.0000,0.1000,100,3.4019,5.6075,1.2079,2.1217,23.9306,39.1580,0.0000,0.0000,9.7849,10.3212,1
RTI-08,LPT,T1,0.0000,0.2000,100,6.1121,9.3458,3.4385,5.9180,59.1139,100.9790,1.2500,5.0000,10.3753,11.4274,1
RTI-08,LPT,T1,0.1000,0.1000,100,0.9712,2.8846,0.2475,0.6110,11.8736,24.6947,0.0500,0.0000,9.6614,10.0450,4
RTI-08,LPT,T1,0.1000,0.2000,100,3.8365,6.7308,1.6411,3.2253,42.5407,72.0948,1.5000,5.0000,10.1444,10.9009,4
RTI-09,LS,T1,0.0000,0.1000,100,7.3233,10.5263,1.5129,2.3015,36.4538,60.3234,0.0698,0.0000,9.7079,10.4918,2
RTI-09,LS,T1,0.0000,0.2000,100,9.2030,12.7820,3.5532,5.0804,80.7577,136.2512,1.5581,4.6512,10.3735,11.6675,2
RTI-09,LS,T1,0.1000,0.1000,100,1.9160,3.8168,0.3797,0.8185,18.3138,37.1283,0.0233,0.0000,9.4685,10.2982,4
RTI-09,LS,T1,0.1000,0.2000,100,5.6107,9.1603,2.0259,3.6044,61.9754,103.9997,1.6279,4.6512,10.1545,11.5931,4
RTI-09,LPT,T1,0.0000,0.1000,100,2.1811,3.9370,1.1480,1.8152,30.8416,45.2143,0.1628,2.3256,10.1206,10.6344,8
RTI-09,LPT,T1,0.0000,0.2000,100,4.2677,7.8740,2.9814,5.0056,70.9230,110.2281,1.7442,4.6512,10.8887,11.8798,8
RTI-09,LPT,T1,0.1000,0.1000,100,0.5983,1.7094,0.2220,0.4747,13.9823,30.7307,0.0930,0.0000,9.8679,10.4959,18
RTI-09,LPT,T1,0.1000,0.2000,100,2.5812,5.1282,1.3187,2.5648,52.0286,100.2293,1.8140,4.6512,10.3692,11.8692,18
RTI-10,LS,T1,0.0000,0.1000,100,5.3889,8.0247,1.4532,2.0849,30.6484,51.2751,0.0000,0.0000,10.2018,10.6251,4
RTI-10,LS,T1,0.0000,0.2000,100,8.1173,11.7284,3.7030,5.6358,71.6820,128.6052,0.6216,2.7027,10.9928,11.8169,4
RTI-10,LS,T1,0.1000,0.1000,100,2.0373,4.3478,0.3751,0.7216,17.2183,29.0350,0.0270,0.0000,10.1266,10.5899,5
RTI-10,LS,T1,0.1000,0.2000,100,6.3665,9.9379,2.3214,4.1626,60.0854,98.9099,1.6486,5.4054,10.9141,11.9649,5
RTI-10,LPT,T1,0.0000,0.1000,100,2.9806,4.5161,1.1762,1.9120,28.9042,46.1525,0.1622,2.7027,10.1871,10.6608,11
RTI-10,LPT,T1,0.0000,0.2000,100,5.8000,9.0323,3.2612,5.4814,68.3033,112.8120,1.9189,5.4054,10.8895,11.8767,11
RTI-10,LPT,T1,0.1000,0.1000,100,1.1429,2.7211,0.2079,0.4796,14.1721,27.5122,0.0541,0.0000,10.1322,10.7068,19
RTI-10,LPT,T1,0.1000,0.2000,100,3.5034,5.4422,1.3122,2.3753,49.6433,80.4840,1.7838,5.4054,10.6486,11.9504,19
RTU-01,LS,T1,0.0000,0.1000,100,12.9535,17.8295,3.5633,5.3021,53.8675,99.9005,1.3125,6.2500,12.0889,13.2057,15
RTU-01,LS,T1,0.0000,0.2000,100,17.3953,23.2558,8.4556,12.6746,121.1597,197.3509,5.8750,12.5000,12.6659,14.7008,15
RTU-01,LS,T1,0.1000,0.1000,100,3.9040,7.2000,0.7240,1.4958,25.3508,47.5494,1.0625,3.1250,10.9874,11.5716,19
RTU-01,LS,T1,0.1000,0.2000,100,10.7840,15.2000,4.2841,7.5853,86.1327,141.8453,6.7188,12.5000,12.1170,13.4488,19
RTU-01,LPT,T1,0.0000,0.1000,100,2.9655,5.1724,1.4744,2.3865,33.9678,54.7459,0.5938,3.1250,10.9940,11.5659,28
RTU-01,LPT,T1,0.0000,0.2000,100,6.1466,9.4828,4.4055,7.1274,85.2494,149.6161,5.5312,12.5000,12.0798,13.3291,28
RTU-01,LPT,T1,0.1000,0.1000,100,0.6000,1.8182,0.3632,1.0047,18.1102,36.1658,0.3438,3.1250,10.9521,11.5093,34
RTU-01,LPT,T1,0.1000,0.2000,100,3.4545,7.2727,2.4601,5.2524,68.4344,133.8969,4.2812,9.3750,11.9628,13.1404,34
RTU-02,LS,T1,0.0000,0.1000,100,8.2566,12.3894,1.8093,2.7004,33.6753,53.7523,0.0000,0.0000,9.7177,10.2349,4
RTU-02,LS,T1,0.0000,0.2000,100,11.2301,15.9292,4.2994,7.0582,78.3418,128.4850,1.1379,6.8966,10.7365,11.7955,4
RTU-02,LS,T1,0.1000,0.1000,100,2.2545,5.4545,0.3815,0.8078,16.6531,34.5070,0.0000,0.0000,9.6245,10.1186,7
RTU-02,LS,T1,0.1000,0.2000,100,6.8545,10.9091,2.3521,4.6141,59.5592,107.9617,1.4138,6.8966,10.6258,11.8355,7
RTU-02,LPT,T1,0.0000,0.1000,100,1.9429,3.8095,0.8065,1.4366,25.1579,43.4179,0.1034,0.0000,9.6549,10.2191,12
RTU-02,LPT,T1,0.0000,0.2000,100,4.2476,7.6190,2.5830,4.4811,62.7875,105.9281,2.1379,6.8966,10.6210,11.9089,12
RTU-02,LPT,T1,0.1000,0.1000,100,0.5534,1.9417,0.2358,0.5689,12.4991,29.8505,0.0690,0.0000,9.5975,10.1885,14
RTU-02,LPT,T1,0.1000,0.2000,100,2.7184,5.8252,1.6514,3.4856,51.7085,98.8522,1.6552,6.8966,10.4932,11.6558,14
RTU-04,LS,T1,0.0000,0.1000,100,10.5255,15.3285,3.2362,4.7705,44.3000,65.2472,0.0714,0.0000,11.3012,11.8285,7
RTU-04,LS,T1,0.0000,0.2000,100,16.4380,22.6277,8.1526,12.0548,101.7437,152.1414,3.1071,7.1429,12.2305,13.3601,7
RTU-04,LS,T1,0.1000,0.1000,100,3.1128,6.0150,0.7336,1.4925,23.2004,42.6616,0.0357,0.0000,11.2122,11.7237,11
RTU-04,LS,T1,0.1000,0.2000,100,9.8120,16.5414,4.3321,7.5944,78.5154,138.4131,3.3929,10.7143,12.1627,13.3116,11
RTU-04,LPT,T1,0.0000,0.1000,100,3.0244,4.8780,1.2474,2.0781,29.0617,44.0261,0.0714,0.0000,10.9726,11.5300,21
RTU-04,LPT,T1,0.0000,0.2000,100,6.0163,9.7561,3.6839,6.1615,72.0584,111.7531,2.6071,10.7143,11.7581,12.9465,21
RTU-04,LPT,T1,0.1000,0.1000,100,0.6607,1.7857,0.2339,0.5507,13.3680,26.8083,0.0357,0.0000,10.6821,11.2605,32
RTU-04,LPT,T1,0.1000,0.2000,100,2.7143,5.3571,1.5822,3.4843,50.1754,89.7057,1.6786,7.1429,11.2215,12.6162,32
RTU-05,LS,T1,0.0000,0.1000,100,14.7090,20.1493,4.0415,6.0956,48.8503,78.6647,1.0000,8.3333,12.0798,12.5421,10
RTU-05,LS,T1,0.0000,0.2000,100,21.0224,26.8657,9.6156,13.4089,105.1035,161.9307,9.2083,16.6667,12.8639,13.7449,10
RTU-05,LS,T1,0.1000,0.1000,100,3.2290,5.3435,0.8735,1.5502,22.1199,39.4248,0.0833,0.0000,12.1554,12.6841,13
RTU-05,LS,T1,0.1000,0.2000,100,12.4046,19.0840,5.2242,8.3061,78.1965,122.9350,4.6667,12.5000,12.9115,13.9485,13
RTU-05,LPT,T1,0.0000,0.1000,100,4.1034,6.0345,1.3175,2.0308,27.6603,42.3179,0.3333,4.1667,10.5160,11.0379,28
RTU-05,LPT,T1,0.0000,0.2000,100,6.6983,10.3448,3.6384,5.5748,65.4817,96.1062,3.7500,12.5000,11.3800,12.3130,28
RTU-05,LPT,T1,0.1000,0.1000,100,0.8829,2.7027,0.3623,0.8561,15.7349,28.2338,0.1250,0.0000,11.3113,12.0857,33
RTU-05,LPT,T1,0.1000,0.2000,100,3.5045,7.2072,2.2388,4.7160,54.6309,86.9238,3.1250,8.3333,11.6086,12.8045,33
RTU-07,LS,T1,0.0000,0.1000,100,1.5984,3.1496,0.5016,0.8418,16.5008,26.4413,0.0000,0.0000,7.5200,7.8140,0
RTU-07,LS,T1,0.0000,0.2000,100,2.5669,4.7244,1.1673,1.9170,37.1394,60.3624,0.0000,0.0000,8.1019,8.7717,0
RTU-07,LS,T1,0.1000,0.1000,100,0.4409,1.5748,0.1418,0.3120,8.8814,16.5896,0.0000,0.0000,7.5295,7.8140,0
RTU-07,LS,T1,0.1000,0.2000,100,1.4803,3.1496,0.7461,1.3535,30.6420,51.3907,0.0357,0.0000,8.1154,8.7682,0
RTU-07,LPT,T1,0.0000,0.1000,100,1.7244,3.1496,0.8204,1.2730,20.6731,31.3651,0.0714,0.0000,7.5470,7.8858,0
RTU-07,LPT,T1,0.0000,0.2000,100,3.2205,5.5118,2.0311,3.4819,47.2663,79.1845,0.8571,3.5714,8.1850,9.0376,0
RTU-07,LPT,T1,0.1000,0.1000,100,0.3386,0.7874,0.1620,0.3328,9.7453,18.3471,0.0000,0.0000,7.5869,7.9155,0
RTU-07,LPT,T1,0.1000,0.2000,100,1.7874,3.9370,0.9951,1.8913,34.5155,57.3648,0.1429,0.0000,8.2376,9.0075,0
RTU-08,LS,T1,0.0000,0.1000,100,2.3125,4.4643,0.7375,1.2500,20.4405,34.8527,0.0000,0.0000,9.1047,9.5776,2
RTU-08,LS,T1,0.0000,0.2000,100,4.1339,7.1429,2.0199,3.5041,48.1753,79.9467,0.3846,3.8462,9.7561,10.7800,2
RTU-08,LS,T1,0.1000,0.1000,100,0.6937,1.8018,0.1890,0.4164,10.3117,21.8947,0.0000,0.0000,9.0231,9.4698,3
RTU-08,LS,T1,0.1000,0.2000,100,2.7838,5.4054,1.2000,2.3022,37.7059,71.3078,0.1154,0.0000,9.6192,10.5134,3
RTU-08,LPT,T1,0.0000,0.1000,100,1.7321,3.5714,0.9382,1.4471,23.5377,37.9811,0.1154,0.0000,9.2225,9.7254,2
RTU-08,LPT,T1,0.0000,0.2000,100,3.9554,6.2500,2.5613,4.2705,54.5710,94.3458,1.7308,7.6923,9.8710,10.8000,2
RTU-08,LPT,T1,0.1000,0.1000,100,0.7037,2.7778,0.1791,0.4630,10.4854,23.5670,0.0385,0.0000,9.1063,9.7037,6
RTU-08,LPT,T1,0.1000,0.2000,100,2.2407,4.6296,1.1151,2.3201,38.0318,72.2045,0.6923,3.8462,9.5774,10.7300,6
RTU-09,LS,T1,0.0000,0.1000,100,3.8319,6.7227,1.9198,3.2819,30.1391,49.5107,0.0000,0.0000,10.2979,10.7294,1
RTU-09,LS,T1,0.0000,0.2000,100,7.9244,13.4454,4.8432,8.2669,68.9407,112.6000,0.9524,4.7619,11.0206,12.0829,1
RTU-09,LS,T1,0.1000,0.1000,100,1.2500,2.5862,0.3170,0.6724,12.6843,23.2247,0.0000,0.0000,10.1160,10.4921,4
RTU-09,LS,T1,0.1000,0.2000,100,5.1983,8.6207,2.2434,4.1659,47.8146,79.1700,0.5238,4.7619,10.7818,11.6803,4
RTU-09,LPT,T1,0.0000,0.1000,100,3.8174,6.0870,1.3909,2.2945,24.6101,38.7784,0.5714,4.7619,10.1064,10.5654,5
RTU-09,LPT,T1,0.0000,0.2000,100,6.9391,11.3043,3.8915,6.6116,59.1321,101.3268,2.7619,9.5238,10.8241,11.8152,5
RTU-09,LPT,T1,0.1000,0.1000,100,0.3832,1.8692,0.2287,0.5623,11.8677,22.4744,0.0000,0.0000,9.7702,10.2291,13
RTU-09,LPT,T1,0.1000,0.2000,100,2.2991,4.6729,1.4666,3.0255,41.0984,69.3146,0.6667,4.7619,10.2896,11.1384,13
RTU-10,LS,T1,0.0000,0.1000,100,1.1553,2.9126,0.7732,1.2567,18.5214,30.2232,0.0000,0.0000,9.5421,10.0042,0
RTU-10,LS,T1,0.0000,0.2000,100,2.6019,5.8252,2.1300,4.0213,42.5792,75.8931,0.1250,0.0000,10.1144,11.1180,0
RTU-10,LS,T1,0.1000,0.1000,100,0.3922,1.9608,0.2193,0.4364,9.2361,17.4980,0.0000,0.0000,9.4975,9.7970,1
RTU-10,LS,T1,0.1000,0.2000,100,2.0490,4.9020,1.4182,2.5882,34.0368,52.6317,0.2500,0.0000,10.0712,10.8881,1
RTU-10,LPT,T1,0.0000,0.1000,100,1.8515,3.9604,1.1699,2.0361,20.7661,34.8207,0.0625,0.0000,9.5468,9.9023,2
RTU-10,LPT,T1,0.0000,0.2000,100,4.3069,7.9208,3.0211,5.5548,47.9551,80.5806,1.5625,6.2500,10.0160,10.9208,2
RTU-10,LPT,T1,0.1000,0.1000,100,0.6701,2.0619,0.2274,0.4992,9.5349,19.2914,0.1250,0.0000,8.9890,9.4912,6
RTU-10,LPT,T1,0.1000,0.2000,100,2.6289,5.1546,1.3467,2.5551,33.3823,56.9665,1.7500,6.2500,9.4273,10.2880,6
RTU-11A,LS,T1,0.0000,0.1000,100,0.3301,1.9417,0.3574,0.5903,12.2477,22.2436,0.0000,0.0000,6.6215,6.9493,0
RTU-11A,LS,T1,0.0000,0.2000,100,0.9029,2.9126,0.8565,1.6768,27.2259,50.2822,0.0000,0.0000,7.1870,7.9106,0
RTU-11A,LS,T1,0.1000,0.1000,100,0.2039,0.9709,0.0979,0.2386,5.8704,15.1851,0.0000,0.0000,6.6252,6.9493,0
RTU-11A,LS,T1,0.1000,0.2000,100,0.8447,2.9126,0.5356,1.3748,21.3218,43.2236,0.0000,0.0000,7.1912,7.9106,0
RTU-11A,LPT,T1,0.0000,0.1000,100,1.1748,2.9126,0.6409,1.0492,15.9706,26.2389,0.0000,0.0000,6.6019,6.9066,0
RTU-11A,LPT,T1,0.0000,0.2000,100,2.3689,3.8835,1.5860,2.6615,35.8294,58.9370,0.3333,4.7619,7.1676,7.9796,0
RTU-11A,LPT,T1,0.1000,0.1000,100,0.3592,1.9417,0.2116,0.4983,9.3371,18.2152,0.0000,0.0000,6.5958,6.8970,0
RTU-11A,LPT,T1,0.1000,0.2000,100,1.8544,2.9126,1.1140,1.9734,30.9938,56.7831,1.3333,4.7619,7.1629,7.8398,0
RTU-11B,LS,T1,0.0000,0.1000,100,0.6602,1.9417,0.3732,0.6672,12.9936,21.6900,0.0000,0.0000,6.4957,6.7543,0
RTU-11B,LS,T1,0.0000,0.2000,100,1.2330,2.9126,0.8751,1.5810,28.5945,48.7737,0.0000,0.0000,7.0399,7.6497,0
RTU-11B,LS,T1,0.1000,0.1000,100,0.3107,1.9417,0.1085,0.2992,6.2406,14.5622,0.0000,0.0000,6.4902,6.7473,0
RTU-11B,LS,T1,0.1000,0.2000,100,1.0583,2.9126,0.5476,1.0910,22.2450,41.6460,0.0000,0.0000,7.0277,7.6360,0
RTU-11B,LPT,T1,0.0000,0.1000,100,1.3301,2.9126,0.5727,0.9586,16.0351,26.2938,0.0000,0.0000,6.4758,6.7890,0
RTU-11B,LPT,T1,0.0000,0.2000,100,2.1845,3.8835,1.4060,2.3852,35.7174,60.5885,0.4545,4.5455,6.9764,7.6511,0
RTU-11B,LPT,T1,0.1000,0.1000,100,0.1553,0.9709,0.1108,0.2743,6.1936,13.5776,0.0000,0.0000,6.4887,6.7414,0
RTU-11B,LPT,T1,0.1000,0.2000,100,0.8155,1.9417,0.7407,1.4162,24.9964,44.3592,0.0455,0.0000,7.0161,7.6058,0
RTU-12,LS,T1,0.0000,0.1000,100,3.1905,5.4422,0.9622,1.4805,25.5286,46.6571,0.0000,0.0000,8.3343,8.7676,3
RTU-12,LS,T1,0.0000,0.2000,100,4.6531,7.4830,2.2408,3.5031,56.0795,102.5857,0.4103,2.5641,9.2239,10.2856,3
RTU-12,LS,T1,0.1000,0.1000,100,1.1497,2.7211,0.2434,0.5857,13.2474,28.8508,0.0000,0.0000,8.3357,8.7658,3
RTU-12,LS,T1,0.1000,0.2000,100,3.7755,6.1224,1.3647,2.8066,44.7508,84.7793,0.4359,2.5641,9.2321,10.2856,3
RTU-12,LPT,T1,0.0000,0.1000,100,1.8200,3.3333,0.8765,1.5199,25.3903,38.3712,0.1282,0.0000,8.4691,8.8372,0
RTU-12,LPT,T1,0.0000,0.2000,100,3.5333,5.3333,2.6235,4.5522,61.2969,94.3527,1.6667,5.1282,9.4556,10.3236,0
RTU-12,LPT,T1,0.1000,0.1000,100,0.3446,1.3514,0.2106,0.4562,14.4637,29.1986,0.0000,0.0000,9.3759,10.1629,2
RTU-12,LPT,T1,0.1000,0.2000,100,2.0135,4.0541,1.4769,2.5728,52.5140,96.5712,0.4872,2.5641,9.8566,11.0999,2
RTU-13,LS,T1,0.0000,0.1000,100,8.5368,13.2353,2.1676,3.5790,43.1197,69.8661,0.0270,0.0000,10.1585,10.8899,8
RTU-13,LS,T1,0.0000,0.2000,100,11.8603,16.9118,5.2561,8.7778,98.2167,157.6213,1.9459,5.4054,11.1845,12.5545,8
RTU-13,LS,T1,0.1000,0.1000,100,2.3985,5.2632,0.4692,1.0334,19.9448,37.0408,0.0811,0.0000,10.0943,10.6837,11
RTU-13,LS,T1,0.1000,0.2000,100,7.7068,12.0301,2.8403,5.6331,71.0205,134.4631,2.7838,8.1081,11.0810,12.5204,11
RTU-13,LPT,T1,0.0000,0.1000,100,2.4766,4.6875,1.4596,2.3679,34.8380,52.1325,0.1892,2.7027,11.6824,12.4696,16
RTU-13,LPT,T1,0.0000,0.2000,100,5.8594,9.3750,4.2617,6.6981,81.5312,122.6258,2.1622,5.4054,11.9828,13.1895,16
RTU-13,LPT,T1,0.1000,0.1000,100,0.5812,1.7094,0.2396,0.6361,14.1061,29.5784,0.0270,0.0000,10.0582,10.5838,27
RTU-13,LPT,T1,0.1000,0.2000,100,2.2393,5.1282,1.4823,3.2908,53.6342,104.7019,1.8378,5.4054,10.8773,12.0706,27
RTU-14,LS,T1,0.0000,0.1000,100,2.0278,3.7037,0.5335,0.9593,19.3616,35.3710,0.0000,0.0000,6.9576,7.3554,0
RTU-14,LS,T1,0.0000,0.2000,100,3.2685,5.5556,1.2965,2.4532,43.6972,80.5611,0.3243,2.7027,7.8258,8.8967,0
RTU-14,LS,T1,0.1000,0.1000,100,0.6852,1.8519,0.1527,0.3371,9.9797,24.6721,0.0000,0.0000,6.9597,7.3585,0
RTU-14,LS,T1,0.1000,0.2000,100,2.3611,4.6296,0.8651,2.0347,35.5410,69.8481,0.2973,2.7027,7.8237,8.8967,0
RTU-14,LPT,T1,0.0000,0.1000,100,1.2778,2.7778,0.8398,1.4618,25.1162,40.1050,0.0000,0.0000,6.8433,7.1988,0
RTU-14,LPT,T1,0.0000,0.2000,100,3.0185,6.4815,2.1055,3.5809,57.6265,98.1726,0.7027,2.7027,7.7389,8.5625,0
RTU-14,LPT,T1,0.1000,0.1000,100,0.5926,1.8519,0.1628,0.4726,10.8151,25.7382,0.0000,0.0000,6.8310,7.1940,0
RTU-14,LPT,T1,0.1000,0.2000,100,2.2315,4.6296,0.9866,2.2315,41.2830,81.1413,0.7568,2.7027,7.7188,8.6063,0
RTU-15,LS,T1,0.0000,0.1000,100,5.3496,8.1301,1.1969,1.9923,28.4218,42.3136,0.0000,0.0000,9.4590,9.9767,4
RTU-15,LS,T1,0.0000,0.2000,100,7.2602,10.5691,2.8101,4.7483,63.0223,97.1170,0.3333,3.3333,10.0265,11.1678,4
RTU-15,LS,T1,0.1000,0.1000,100,1.5203,3.2520,0.2979,0.5782,14.2163,24.7204,0.0000,0.0000,9.4616,10.0169,4
RTU-15,LS,T1,0.1000,0.2000,100,4.4959,8.9431,1.6942,2.9483,48.4207,82.6961,0.4333,3.3333,10.0516,11.1069,4
RTU-15,LPT,T1,0.0000,0.1000,100,1.7903,4.0323,1.0280,1.8847,27.5799,46.7509,0.0333,0.0000,9.9366,10.5695,3
RTU-15,LPT,T1,0.0000,0.2000,100,4.2984,8.0645,3.0217,5.7835,66.9943,114.4323,1.1667,3.3333,10.5130,11.7164,3
RTU-15,LPT,T1,0.1000,0.1000,100,0.6000,2.5000,0.2068,0.5074,11.9993,24.8644,0.0333,0.0000,9.8394,10.4130,7
RTU-15,LPT,T1,0.1000,0.2000,100,2.8917,6.6667,1.4980,2.8468,45.7443,84.9616,1.1000,3.3333,10.2582,11.3989,7
RTU-16,LS,T1,0.0000,0.1000,100,4.2432,7.4324,1.0372,1.6905,28.0340,46.6749,0.0000,0.0000,8.6190,8.9531,2
RTU-16,LS,T1,0.0000,0.2000,100,5.9595,9.4595,2.4193,4.1826,61.4950,103.4421,0.5250,2.5000,9.5554,10.2681,2
RTU-16,LS,T1,0.1000,0.1000,100,1.6054,3.4014,0.2635,0.5992,13.8695,29.2456,0.0000,0.0000,8.5928,9.0068,3
RTU-16,LS,T1,0.1000,0.2000,100,4.7959,8.1633,1.5029,3.1378,49.0395,100.8805,0.4000,2.5000,9.5158,10.5241,3
RTU-16,LPT,T1,0.0000,0.1000,100,1.2667,2.6667,0.9037,1.4795,26.7032,41.6572,0.0500,0.0000,8.7496,9.0903,0
RTU-16,LPT,T1,0.0000,0.2000,100,3.2333,6.0000,2.6633,4.2952,64.6990,102.6856,1.0500,2.5000,9.7724,10.5533,0
RTU-16,LPT,T1,0.1000,0.1000,100,0.2945,1.3699,0.1929,0.4693,12.4724,31.3929,0.0000,0.0000,8.7079,9.0678,4
RTU-16,LPT,T1,0.1000,0.2000,100,1.9315,4.1096,1.3693,2.6576,48.5312,93.3815,0.7500,2.5000,9.6170,10.4668,4
RTU-17,LS,T1,0.0000,0.1000,100,3.1920,5.6000,0.9781,1.5115,23.7259,38.8291,0.0000,0.0000,9.3021,9.6677,2
RTU-17,LS,T1,0.0000,0.2000,100,5.2080,8.0000,2.5662,4.3440,55.7800,94.1646,0.3214,3.5714,10.0764,10.8315,2
RTU-17,LS,T1,0.1000,0.1000,100,0.8387,2.4194,0.2421,0.4999,12.9090,23.3291,0.0000,0.0000,9.3006,9.7795,3
RTU-17,LS,T1,0.1000,0.2000,100,3.5081,6.4516,1.5473,2.9823,44.4435,79.9742,0.2500,3.5714,10.0577,11.1200,3
RTU-17,LPT,T1,0.0000,0.1000,100,2.9524,4.7619,1.0475,1.7438,25.4383,40.9576,0.1429,0.0000,9.4497,9.9444,1
RTU-17,LPT,T1,0.0000,0.2000,100,4.8730,7.9365,2.7757,4.2853,58.4503,102.5280,0.9643,3.5714,10.1726,11.2881,1
RTU-17,LPT,T1,0.1000,0.1000,100,0.6777,1.6529,0.1861,0.4512,11.3620,23.6208,0.0000,0.0000,9.3585,9.7774,6
RTU-17,LPT,T1,0.1000,0.2000,100,2.6860,4.9587,1.2541,2.4142,43.3856,76.1494,0.7500,3.5714,10.0180,11.0618,6
RTU-18,LS,T1,0.0000,0.1000,100,2.3951,3.7037,0.9824,1.4477,23.8658,35.6883,0.0000,0.0000,9.1978,9.5968,4
RTU-18,LS,T1,0.0000,0.2000,100,4.2222,6.7901,2.5067,3.7324,54.2336,83.3158,0.2571,2.8571,10.0676,10.9527,4
RTU-18,LS,T1,0.1000,0.1000,100,1.0621,2.4845,0.2568,0.5010,14.2514,24.5099,0.0000,0.0000,9.1524,9.5336,5
RTU-18,LS,T1,0.1000,0.2000,100,3.3106,6.2112,1.4879,2.3790,47.0747,79.1188,0.2571,2.8571,9.9750,10.8514,5
RTU-18,LPT,T1,0.0000,0.1000,100,2.4096,3.6145,1.2065,1.8070,27.4589,42.8154,0.0000,0.0000,10.1576,10.8595,0
RTU-18,LPT,T1,0.0000,0.2000,100,4.4036,6.6265,3.2166,4.5894,64.5467,110.5067,0.6000,2.8571,10.5685,11.7397,0
RTU-18,LPT,T1,0.1000,0.1000,100,0.5759,1.2658,0.2174,0.4893,14.0478,29.3975,0.0857,0.0000,9.1734,9.5789,8
RTU-18,LPT,T1,0.1000,0.2000,100,2.4494,4.4304,1.2925,2.3505,46.4395,82.9754,0.6286,2.8571,9.9161,10.7776,8
RTU-19,LS,T1,0.0000,0.1000,100,10.3582,14.1791,2.1149,3.4104,40.8334,65.8511,0.0294,0.0000,10.2930,10.7622,10
RTU-19,LS,T1,0.0000,0.2000,100,13.1045,17.9104,5.2083,8.2099,94.1003,154.4682,1.6471,5.8824,11.3616,12.6232,10
RTU-19,LS,T1,0.1000,0.1000,100,2.3588,4.5802,0.4864,0.9679,19.9479,38.1785,0.0294,0.0000,10.2515,10.8174,13
RTU-19,LS,T1,0.1000,0.2000,100,7.7863,12.2137,3.0308,5.3831,72.4381,126.5669,2.1765,5.8824,11.3213,12.5504,13
RTU-19,LPT,T1,0.0000,0.1000,100,2.9675,5.6911,1.3876,2.4808,33.0886,54.7399,0.1176,0.0000,10.1867,10.7096,21
RTU-19,LPT,T1,0.0000,0.2000,100,6.0894,9.7561,3.9219,7.2740,78.8542,141.7216,2.1765,5.8824,11.1794,12.1834,21
RTU-19,LPT,T1,0.1000,0.1000,100,0.5391,1.7391,0.2692,0.7637,14.9370,32.9703,0.0588,0.0000,10.1431,10.7038,29
RTU-19,LPT,T1,0.1000,0.2000,100,2.5652,5.2174,1.8476,4.0360,58.2730,138.3662,2.3235,5.8824,11.1266,12.3500,29
RTU-20,LS,T1,0.0000,0.1000,100,2.6513,4.6053,0.9459,1.4415,23.2327,35.1389,0.0000,0.0000,8.4697,8.8291,2
RTU-20,LS,T1,0.0000,0.2000,100,4.4605,6.5789,2.1973,3.4151,51.1977,76.4013,0.0000,0.0000,9.2540,10.0842,2
RTU-20,LS,T1,0.1000,0.1000,100,0.6755,1.9868,0.1890,0.3522,12.4026,24.7161,0.0000,0.0000,8.4565,8.8094,3
RTU-20,LS,T1,0.1000,0.2000,100,2.3245,4.6358,1.0797,1.8635,40.4799,78.5790,0.0645,0.0000,9.2602,10.1208,3
RTU-20,LPT,T1,0.0000,0.1000,100,3.9671,6.5789,0.9630,1.6206,23.2568,37.8044,0.0000,0.0000,8.4822,8.9400,2
RTU-20,LPT,T1,0.0000,0.2000,100,5.4145,8.5526,2.5266,4.1257,56.5823,102.1192,1.3226,6.4516,9.2920,10.1976,2
RTU-20,LPT,T1,0.1000,0.1000,100,0.5667,1.3333,0.2218,0.4589,12.1610,23.8750,0.0323,0.0000,8.4888,8.8070,4
RTU-20,LPT,T1,0.1000,0.2000,100,2.6067,5.3333,1.3710,2.5284,42.8414,74.9843,0.6129,3.2258,9.3121,10.1354,4
RTU-21,LS,T1,0.0000,0.1000,100,1.7349,3.0120,0.6306,1.0325,17.9676,29.6403,0.0000,0.0000,9.3412,9.6728,0
RTU-21,LS,T1,0.0000,0.2000,100,2.9819,4.8193,1.6989,2.8436,42.1329,70.0934,0.0000,0.0000,9.9613,10.6519,0
RTU-21,LS,T1,0.1000,0.1000,100,0.6928,1.8072,0.1859,0.3931,10.3293,19.9456,0.0000,0.0000,9.3428,9.6835,0
RTU-21,LS,T1,0.1000,0.2000,100,2.4398,4.8193,1.1775,2.2405,36.3963,59.4129,0.0385,0.0000,9.9724,10.6461,0
RTU-21,LPT,T1,0.0000,0.1000,100,2.7892,4.2169,1.0672,1.5327,21.6063,34.8026,0.3846,3.8462,9.4446,9.8211,0
RTU-21,LPT,T1,0.0000,0.2000,100,4.4940,7.2289,2.7019,3.8435,49.5504,81.8109,1.4615,3.8462,10.0662,10.9135,0
RTU-21,LPT,T1,0.1000,0.1000,100,0.5644,1.2270,0.2525,0.5166,12.3540,20.9686,0.0385,0.0000,9.2896,9.7130,3
RTU-21,LPT,T1,0.1000,0.2000,100,2.7914,4.9080,1.5013,2.3209,40.2062,62.6997,1.1538,3.8462,9.8781,10.8462,3
RTU-22,LS,T1,0.0000,0.1000,100,25.3039,33.3333,6.9254,9.9130,58.8423,95.7517,1.5263,5.2632,13.3523,13.8255,25
RTU-22,LS,T1,0.0000,0.2000,100,33.5588,43.1373,14.8180,21.6211,120.8511,191.0175,9.1579,21.0526,13.9585,14.8982,25
RTU-22,LS,T1,0.1000,0.1000,100,5.0947,9.4737,1.0481,2.3651,23.3699,46.8699,0.6316,5.2632,12.5288,13.3090,32
RTU-22,LS,T1,0.1000,0.2000,100,16.7474,25.2632,5.9689,10.8524,79.8248,146.3084,6.9474,15.7895,12.9772,14.1662,32
RTU-22,LPT,T1,0.0000,0.1000,100,6.6477,11.3636,2.5522,4.3162,35.1754,53.5653,0.8947,5.2632,12.8869,13.5596,39
RTU-22,LPT,T1,0.0000,0.2000,100,11.6250,18.1818,6.3003,11.0635,80.7229,132.6404,9.2105,21.0526,13.1683,14.2747,39
RTU-22,LPT,T1,0.1000,0.1000,100,1.2949,3.8462,0.3581,0.8149,14.1831,29.7251,0.3158,5.2632,11.1774,11.9400,49
RTU-22,LPT,T1,0.1000,0.2000,100,4.5513,7.6923,2.1185,3.7989,50.9310,84.2828,3.1579,10.5263,11.6834,13.2388,49
RTU-23,LS,T1,0.0000,0.1000,100,4.3292,6.8323,1.1784,1.6976,28.8564,45.8494,0.0000,0.0000,9.8454,10.2434,5
RTU-23,LS,T1,0.0000,0.2000,100,6.6273,9.3168,3.1047,4.8917,67.6160,110.5319,0.5405,2.7027,10.6259,11.4865,5
RTU-23,LS,T1,0.1000,0.1000,100,1.4845,3.1056,0.3008,0.6525,15.6704,27.7057,0.0000,0.0000,9.8285,10.2946,5
RTU-23,LS,T1,0.1000,0.2000,100,4.8571,8.0745,1.8934,3.4508,54.3961,83.2627,0.9459,2.7027,10.6127,11.6772,5
RTU-23,LPT,T1,0.0000,0.1000,100,2.6975,4.9383,1.2321,1.8550,29.3742,42.3358,0.0000,0.0000,10.0352,10.3884,4
RTU-23,LPT,T1,0.0000,0.2000,100,5.1420,8.0247,3.3849,5.4812,71.4514,105.7281,1.0811,5.4054,10.8551,11.6642,4
RTU-23,LPT,T1,0.1000,0.1000,100,0.4870,1.9481,0.1975,0.4652,13.5769,26.9176,0.0270,0.0000,9.8096,10.2387,12
RTU-23,LPT,T1,0.1000,0.2000,100,2.4610,4.5455,1.3404,2.7157,48.8601,80.0376,1.2432,5.4054,10.3882,11.1272,12
RTU-24,LS,T1,0.0000,0.1000,100,7.3274,11.5044,1.5787,2.8033,35.9630,68.1874,0.0857,0.0000,10.1798,10.8330,4
RTU-24,LS,T1,0.0000,0.2000,100,9.6195,14.1593,3.9052,6.2644,80.7970,144.0741,2.3714,5.7143,11.0042,12.1979,4
RTU-24,LS,T1,0.1000,0.1000,100,2.4643,4.4643,0.4299,1.0225,18.5090,35.0520,0.0000,0.0000,10.1489,10.7338,5
RTU-24,LS,T1,0.1000,0.2000,100,6.7679,10.7143,2.4991,4.4637,65.1801,107.9151,1.8857,5.7143,10.9360,12.1799,5
RTU-24,LPT,T1,0.0000,0.1000,100,2.2636,4.5455,1.5363,2.5458,33.3714,49.3857,0.3429,2.8571,10.3346,10.9010,7
RTU-24,LPT,T1,0.0000,0.2000,100,5.0091,8.1818,3.9242,6.7254,78.3515,126.3236,2.2000,5.7143,11.1671,12.4778,7
RTU-24,LPT,T1,0.1000,0.1000,100,0.2277,0.9901,0.2305,0.5856,13.2073,27.9434,0.0286,0.0000,10.1044,10.7568,16
RTU-24,LPT,T1,0.1000,0.2000,100,1.9703,3.9604,1.6022,3.2436,52.5423,94.3016,1.5143,5.7143,10.7894,12.5118,16
RTU-25,LS,T1,0.0000,0.1000,100,1.8800,4.0000,0.8589,1.4281,22.4160,36.1625,0.0000,0.0000,8.9125,9.4400,2
RTU-25,LS,T1,0.0000,0.2000,100,3.4960,6.4000,2.1195,3.3084,50.3052,78.1959,0.1481,0.0000,9.7322,10.8964,2
RTU-25,LS,T1,0.1000,0.1000,100,0.5645,1.6129,0.2137,0.4493,11.2873,21.2636,0.0000,0.0000,8.8990,9.3993,3
RTU-25,LS,T1,0.1000,0.2000,100,2.6371,5.6452,1.2887,2.3558,39.0999,67.5475,0.1852,0.0000,9.6785,10.8485,3
RTU-25,LPT,T1,0.0000,0.1000,100,3.2302,5.5556,1.1125,1.7019,24.5950,34.3448,0.0000,0.0000,9.0304,9.4730,1
RTU-25,LPT,T1,0.0000,0.2000,100,5.6905,8.7302,2.9272,4.5255,57.6785,82.7553,0.6296,3.7037,9.8386,10.8380,1
RTU-25,LPT,T1,0.1000,0.1000,100,0.5691,1.6260,0.2168,0.4928,11.7701,24.0456,0.0000,0.0000,9.9288,10.5314,4
RTU-25,LPT,T1,0.1000,0.2000,100,2.5772,4.8780,1.3208,2.6714,41.8201,74.6726,0.2222,3.7037,10.2614,11.2645,4
RTU-26,LS,T1,0.0000,0.1000,100,6.6913,10.0671,1.8138,2.7546,32.9652,50.8114,0.0000,0.0000,10.5409,10.9531,5
RTU-26,LS,T1,0.0000,0.2000,100,9.9664,14.7651,4.8957,7.4074,79.4866,120.8154,1.0909,6.0606,11.3575,12.1490,5
RTU-26,LS,T1,0.1000,0.1000,100,2.1701,4.7619,0.4382,0.8234,18.0801,34.6522,0.0000,0.0000,10.5192,10.9974,7
RTU-26,LS,T1,0.1000,0.2000,100,6.8912,10.2041,2.7672,4.6821,63.1414,118.6178,1.2727,6.0606,11.3543,12.4605,7
RTU-26,LPT,T1,0.0000,0.1000,100,2.1377,4.3478,0.9043,1.4548,25.4699,41.2681,0.0909,0.0000,10.3859,10.9726,16
RTU-26,LPT,T1,0.0000,0.2000,100,4.5290,7.2464,2.6389,4.1683,62.2325,95.7747,1.5152,6.0606,11.0471,12.3948,16
RTU-26,LPT,T1,0.1000,0.1000,100,0.6324,1.4706,0.2712,0.5681,15.2252,26.8343,0.0000,0.0000,10.2519,10.9361,18
RTU-26,LPT,T1,0.1000,0.2000,100,3.0294,5.8824,1.7656,3.1612,54.0030,87.3225,1.1818,6.0606,10.7813,12.1545,18
RTU-27,LS,T1,0.0000,0.1000,100,2.3434,4.2169,1.2243,2.0529,24.8533,40.8042,0.0000,0.0000,10.2896,10.6405,0
RTU-27,LS,T1,0.0000,0.2000,100,5.0120,9.0361,3.3017,5.7033,57.5838,95.6468,0.2692,3.8462,10.9480,11.6554,0
RTU-27,LS,T1,0.1000,0.1000,100,1.1697,2.4242,0.2918,0.5560,12.6931,21.7241,0.0000,0.0000,10.2635,10.7687,1
RTU-27,LS,T1,0.1000,0.2000,100,4.8606,8.4848,2.1249,3.6376,47.2854,70.7880,0.1538,0.0000,10.9545,12.0073,1
RTU-27,LPT,T1,0.0000,0.1000,100,3.2830,5.6604,1.3711,1.9253,24.3668,34.1967,0.1923,0.0000,10.0195,10.7180,7
RTU-27,LPT,T1,0.0000,0.2000,100,6.2201,8.8050,3.4534,5.2025,58.8303,87.1271,1.3846,7.6923,10.5449,11.7084,7
RTU-27,LPT,T1,0.1000,0.1000,100,0.7885,1.9231,0.2977,0.5413,13.6160,22.1877,0.0385,0.0000,9.3158,9.7083,10
RTU-27,LPT,T1,0.1000,0.2000,100,3.1282,5.7692,1.7197,2.8876,45.0063,68.9902,1.4231,7.6923,10.0852,10.9246,10
RTU-28,LS,T1,0.0000,0.1000,100,8.1151,11.5108,2.4050,3.7552,39.1487,73.0907,0.0645,0.0000,11.0224,11.4694,6
RTU-28,LS,T1,0.0000,0.2000,100,12.4532,17.2662,6.2129,10.2608,90.3878,182.1617,2.3548,6.4516,11.8140,12.8248,6
RTU-28,LS,T1,0.1000,0.1000,100,3.0073,5.1095,0.5833,1.1420,20.7223,38.4222,0.0645,0.0000,10.9854,11.5975,8
RTU-28,LS,T1,0.1000,0.2000,100,9.0511,13.1387,3.4880,5.6312,71.9224,129.9675,2.6129,6.4516,11.7929,12.9807,8
RTU-28,LPT,T1,0.0000,0.1000,100,2.9291,5.5118,1.0194,1.9733,28.4258,50.5538,0.1290,0.0000,10.8140,11.3104,18
RTU-28,LPT,T1,0.0000,0.2000,100,5.1417,8.6614,3.2958,5.6495,72.3245,133.8817,2.0968,6.4516,11.3538,12.5038,18
RTU-28,LPT,T1,0.1000,0.1000,100,0.7966,1.6949,0.2417,0.5851,13.9526,28.7751,0.0968,0.0000,10.7218,11.3380,27
RTU-28,LPT,T1,0.1000,0.2000,100,3.1186,5.9322,1.5865,3.1811,50.9551,84.4795,2.1290,6.4516,11.0266,12.2133,27
RTU-29,LS,T1,0.0000,0.1000,100,11.1429,16.5414,3.2658,4.5262,48.8554,76.6229,0.4333,3.3333,11.5393,12.0385,6
RTU-29,LS,T1,0.0000,0.2000,100,16.0752,21.8045,7.7755,11.1475,106.1877,174.6812,4.6333,10.0000,12.3613,13.3925,6
RTU-29,LS,T1,0.1000,0.1000,100,2.7381,5.5556,0.5768,1.2933,20.4616,47.9495,0.1333,0.0000,11.2340,11.8368,13
RTU-29,LS,T1,0.1000,0.2000,100,8.3095,11.9048,3.4293,6.6454,73.0148,166.3332,2.8333,6.6667,11.8915,13.2174,13
RTU-29,LPT,T1,0.0000,0.1000,100,3.6639,6.7227,1.5142,2.5190,32.2427,50.5477,0.2667,3.3333,11.3032,12.0260,20
RTU-29,LPT,T1,0.0000,0.2000,100,7.0672,11.7647,4.2660,7.5174,76.9577,119.0884,3.0667,6.6667,11.7947,13.1835,20
RTU-29,LPT,T1,0.1000,0.1000,100,0.7297,1.8018,0.2604,0.5682,14.1383,28.0019,0.0333,0.0000,10.8566,11.7501,28
RTU-29,LPT,T1,0.1000,0.2000,100,3.1261,6.3063,1.6716,3.1639,50.4852,91.7384,2.2333,6.6667,11.1959,12.7213,28
